year,week,tradeRouteName,voyage,portID,etaDateTime,etdDateTime
2024,52,Red Line,BRU452,IS REY,2025-01-01 11:30:00,2025-01-02 19:15:00
2024,52,Red Line,BRU452,IS RFJ,2025-01-03 16:15:00,2025-01-03 20:15:00
2024,52,Red Line,BRU452,FO THO,2025-01-04 13:15:00,2025-01-04 17:00:00
2024,52,Red Line,BRU452,DE BRV,2025-01-06 14:15:00,2025-01-07 09:45:00
2024,52,Red Line,BRU452,SE HEL,2025-01-08 18:15:00,2025-01-09 03:00:00
2024,52,Red Line,BRU452,DK AAR,2025-01-09 09:00:00,2025-01-10 00:45:00
2024,52,Red Line,BRU452,IS REY,2025-01-13 06:45:00,2025-01-13 19:45:00
2024,52,Red Line,BRU452,GL GOH,2025-01-16 14:30:00,2025-01-17 08:00:00
2024,52,Red Line,BRU452,IS REY,2025-01-21 01:30:00,2025-01-22 18:45:00
2024,52,Yellow Line,LAG452,IS GRT,2024-12-26 20:15:00,2024-12-26 22:15:00
2024,52,Yellow Line,LAG452,IS REY,2024-12-27 00:15:00,2024-12-28 06:00:00
2024,52,Yellow Line,LAG452,NL RTM,2024-12-31 09:30:00,2024-12-31 14:15:00
2024,52,Yellow Line,LAG452,SE HEL,2025-01-02 06:45:00,2025-01-02 17:00:00
2024,52,Yellow Line,LAG452,DK AAR,2025-01-02 21:45:00,2025-01-03 14:30:00
2024,52,Yellow Line,LAG452,FO THO,2025-01-05 15:15:00,2025-01-05 22:45:00
2024,52,Yellow Line,LAG452,IS REY,2025-01-07 11:00:00,2025-01-08 20:15:00
2024,52,Yellow Line,MAL452,IN NAN,2024-12-27 06:00:00,2024-12-27 06:00:00
2024,52,Yellow Line,MAL452,DK AAR,2024-12-27 07:15:00,2024-12-27 14:00:00
2024,52,Yellow Line,MAL452,FO THO,2024-12-29 23:15:00,2024-12-30 07:00:00
2024,52,Yellow Line,MAL452,BR OUT,2024-12-30 07:00:00,2024-12-30 07:00:00
2024,52,Green Line,VIV452,IS REY,2024-12-22 06:00:00,2024-12-27 14:00:00
2024,52,Green Line,VIV452,US PWM,2025-01-03 13:45:00,2025-01-04 17:00:00
2024,52,Green Line,VIV452,CA HAL,2025-01-05 17:30:00,2025-01-06 08:15:00
2024,52,Green Line,VIV452,CA NWP,2025-01-07 16:15:00,2025-01-08 11:00:00
2024,52,Green Line,VIV452,IS REY,2025-01-13 17:15:00,2025-01-14 21:00:00
2025,1,Red Line,DET501,IS REY,2025-01-07 06:00:00,2025-01-08 15:00:00
2025,1,Red Line,DET501,IS RFJ,2025-01-09 13:45:00,2025-01-09 19:00:00
2025,1,Red Line,DET501,FO THO,2025-01-10 12:30:00,2025-01-10 21:15:00
2025,1,Red Line,DET501,DE BRV,2025-01-12 22:30:00,2025-01-13 17:00:00
2025,1,Red Line,DET501,SE HEL,2025-01-15 07:45:00,2025-01-15 22:45:00
2025,1,Red Line,DET501,DK AAR,2025-01-16 05:45:00,2025-01-16 21:15:00
2025,1,Red Line,DET501,IS REY,2025-01-20 04:45:00,2025-01-21 00:00:00
2025,1,Red Line,DET501,GL GOH,2025-01-23 23:45:00,2025-01-24 17:45:00
2025,1,Red Line,DET501,IS REY,2025-01-28 08:30:00,2025-01-29 20:15:00
2025,1,Blue Line,JOR501,IS REY,2024-12-25 20:00:00,2025-01-03 01:45:00
2025,1,Blue Line,JOR501,NL RTM,2025-01-05 19:30:00,2025-01-08 16:30:00
2025,1,Blue Line,JOR501,GB TEE,2025-01-09 13:15:00,2025-01-09 22:00:00
2025,1,Blue Line,JOR501,IS REY,2025-01-12 13:15:00,2025-01-14 06:00:00
2025,1,Blue Line,JOR501,IS GRT,2025-01-14 08:00:00,2025-01-15 18:00:00
2025,1,Blue Line,JOR501,IS REY,2025-01-15 20:00:00,2025-01-16 22:15:00
2025,1,Yellow Line,SKO501,IS GRT,2024-12-30 14:15:00,2024-12-30 19:00:00
2025,1,Yellow Line,SKO501,IS REY,2024-12-31 06:00:00,2025-01-02 13:30:00
2025,1,Yellow Line,SKO501,IS VES,2025-01-02 21:45:00,2025-01-03 00:30:00
2025,1,Yellow Line,SKO501,FO THO,2025-01-04 08:00:00,2025-01-04 12:00:00
2025,1,Yellow Line,SKO501,GB IMM,2025-01-06 12:30:00,2025-01-07 01:30:00
2025,1,Yellow Line,SKO501,DK AAR,2025-01-08 22:45:00,2025-01-10 16:00:00
2025,1,Yellow Line,SKO501,FO THO,2025-01-12 15:15:00,2025-01-12 22:00:00
2025,1,Yellow Line,SKO501,IS REY,2025-01-14 10:00:00,2025-01-15 18:15:00
2025,2,Green Line,BAK502,IS REY,2025-01-08 14:30:00,2025-01-09 13:00:00
2025,2,Green Line,BAK502,US PWM,2025-01-16 07:15:00,2025-01-18 12:00:00
2025,2,Green Line,BAK502,CA HAL,2025-01-19 13:30:00,2025-01-19 22:00:00
2025,2,Green Line,BAK502,CA NWP,2025-01-22 14:45:00,2025-01-23 11:00:00
2025,2,Green Line,BAK502,IS REY,2025-01-28 06:00:00,2025-01-28 22:00:00
2025,2,Yellow Line,LAG502,IS REY,2025-01-07 11:00:00,2025-01-08 20:15:00
2025,2,Yellow Line,LAG502,IS VES,2025-01-09 05:30:00,2025-01-09 10:00:00
2025,2,Yellow Line,LAG502,FO THO,2025-01-10 13:45:00,2025-01-10 22:15:00
2025,2,Yellow Line,LAG502,GB IMM,2025-01-12 17:30:00,2025-01-13 01:30:00
2025,2,Yellow Line,LAG502,NO FRK,2025-01-15 08:45:00,2025-01-15 19:15:00
2025,2,Yellow Line,LAG502,DK AAR,2025-01-16 13:00:00,2025-01-17 14:15:00
2025,2,Yellow Line,LAG502,FO THO,2025-01-19 16:45:00,2025-01-20 03:00:00
2025,2,Yellow Line,LAG502,IS REY,2025-01-21 12:15:00,2025-01-22 22:00:00
2025,2,Red Line,TUK502,CZ DDD,2025-01-02 08:00:00,2025-01-25 17:15:00
2025,2,Red Line,TUK502,DK AAR,2025-01-26 06:30:00,2025-01-26 15:30:00
2025,2,Red Line,TUK502,IS REY,2025-01-29 21:15:00,2025-01-30 16:15:00
2025,2,Red Line,TUK502,GL GOH,2025-02-03 07:15:00,2025-02-04 02:15:00
2025,2,Red Line,TUK502,IS REY,2025-02-07 02:00:00,2025-02-07 16:00:00
2025,2,Blue Line,VED502,IS REY,2025-01-08 20:00:00,2025-01-10 00:45:00
2025,2,Blue Line,VED502,NL RTM,2025-01-12 19:00:00,2025-01-15 19:00:00
2025,2,Blue Line,VED502,GB TEE,2025-01-16 18:30:00,2025-01-17 04:15:00
2025,2,Blue Line,VED502,IS REY,2025-01-19 12:15:00,2025-01-21 06:00:00
2025,2,Blue Line,VED502,IS GRT,2025-01-21 08:00:00,2025-01-22 18:00:00
2025,2,Blue Line,VED502,IS REY,2025-01-22 20:00:00,2025-01-23 21:15:00
2025,3,Red Line,BRU503,IS REY,2025-01-21 01:30:00,2025-01-22 18:45:00
2025,3,Red Line,BRU503,IS RFJ,2025-01-24 00:30:00,2025-01-24 04:30:00
2025,3,Red Line,BRU503,FO THO,2025-01-25 01:30:00,2025-01-25 09:45:00
2025,3,Red Line,BRU503,DE BRV,2025-01-27 12:15:00,2025-01-28 04:45:00
2025,3,Red Line,BRU503,SE HEL,2025-01-29 09:00:00,2025-01-29 23:30:00
2025,3,Red Line,BRU503,DK AAR,2025-01-30 06:30:00,2025-01-30 22:45:00
2025,3,Red Line,BRU503,IS REY,2025-02-03 06:15:00,2025-02-03 23:00:00
2025,3,Red Line,BRU503,GL GOH,2025-02-07 03:45:00,2025-02-07 21:54:00
2025,3,Red Line,BRU503,IS REY,2025-02-11 17:00:00,2025-02-12 15:00:00
2025,3,Blue Line,JOR503,IS REY,2025-01-15 20:00:00,2025-01-16 22:15:00
2025,3,Blue Line,JOR503,NL RTM,2025-01-19 19:00:00,2025-01-22 22:45:00
2025,3,Blue Line,JOR503,GB TEE,2025-01-23 15:00:00,2025-01-23 22:30:00
2025,3,Blue Line,JOR503,IS REY,2025-01-26 12:00:00,2025-01-28 06:00:00
2025,3,Blue Line,JOR503,IS GRT,2025-01-28 08:00:00,2025-01-29 18:00:00
2025,3,Blue Line,JOR503,IS REY,2025-01-29 20:00:00,2025-01-31 00:30:00
2025,3,Yellow Line,SKO503,IS REY,2025-01-14 10:00:00,2025-01-15 18:15:00
2025,3,Yellow Line,SKO503,IS VES,2025-01-16 04:15:00,2025-01-16 07:00:00
2025,3,Yellow Line,SKO503,FO THO,2025-01-17 13:45:00,2025-01-17 20:30:00
2025,3,Yellow Line,SKO503,GB IMM,2025-01-19 17:45:00,2025-01-20 00:45:00
2025,3,Yellow Line,SKO503,DE BRV,2025-01-21 06:30:00,2025-01-21 14:30:00
2025,3,Yellow Line,SKO503,SE HEL,2025-01-22 20:00:00,2025-01-23 04:00:00
2025,3,Yellow Line,SKO503,DK AAR,2025-01-23 10:30:00,2025-01-24 14:45:00
2025,3,Yellow Line,SKO503,FO THO,2025-01-27 00:15:00,2025-01-27 07:00:00
2025,3,Yellow Line,SKO503,IS REY,2025-01-28 13:45:00,2025-01-30 04:45:00
2025,3,Green Line,VIV503,IS REY,2025-01-13 17:15:00,2025-01-14 21:00:00
2025,3,Green Line,VIV503,US PWM,2025-01-21 10:00:00,2025-01-23 12:00:00
2025,3,Green Line,VIV503,CA HAL,2025-01-25 08:30:00,2025-01-25 21:00:00
2025,3,Green Line,VIV503,CA NWP,2025-01-27 07:45:00,2025-01-27 18:00:00
2025,3,Green Line,VIV503,IS REY,2025-02-02 01:00:00,2025-02-06 06:00:00
2025,4,Green Line,AVA504,IS REY,2024-12-30 01:45:00,2025-01-21 22:30:00
2025,4,Green Line,AVA504,US PWM,2025-01-30 21:15:00,2025-02-01 16:00:00
2025,4,Green Line,AVA504,CA HAL,2025-02-03 07:30:00,2025-02-03 16:15:00
2025,4,Green Line,AVA504,IS REY,2025-02-09 16:30:00,2025-02-12 11:00:00
2025,4,Red Line,DET504,IS REY,2025-01-28 08:30:00,2025-01-29 20:15:00
2025,4,Red Line,DET504,IS RFJ,2025-01-30 19:30:00,2025-01-31 02:30:00
2025,4,Red Line,DET504,FO THO,2025-01-31 20:45:00,2025-02-01 03:15:00
2025,4,Red Line,DET504,DE BRV,2025-02-03 06:15:00,2025-02-03 23:45:00
2025,4,Red Line,DET504,SE HEL,2025-02-05 06:30:00,2025-02-05 23:30:00
2025,4,Red Line,DET504,DK AAR,2025-02-06 05:45:00,2025-02-06 23:45:00
2025,4,Red Line,DET504,FO THO,2025-02-08 19:30:00,2025-02-09 01:30:00
2025,4,Red Line,DET504,IS REY,2025-02-10 08:00:00,2025-02-11 02:45:00
2025,4,Red Line,DET504,GL GOH,2025-02-13 17:00:00,2025-02-14 13:00:00
2025,4,Red Line,DET504,FO THO,2025-02-23 02:00:00,2025-02-23 18:00:00
2025,4,Yellow Line,LAG504,IS REY,2025-01-21 12:15:00,2025-01-22 23:00:00
2025,4,Yellow Line,LAG504,IS VES,2025-01-23 14:30:00,2025-01-23 19:30:00
2025,4,Yellow Line,LAG504,FO THO,2025-01-24 23:30:00,2025-01-25 04:45:00
2025,4,Yellow Line,LAG504,GB IMM,2025-01-27 04:30:00,2025-01-27 16:15:00
2025,4,Yellow Line,LAG504,NO FRK,2025-01-29 07:00:00,2025-01-29 16:30:00
2025,4,Yellow Line,LAG504,DK AAR,2025-01-30 10:00:00,2025-01-31 15:00:00
2025,4,Yellow Line,LAG504,FO THO,2025-02-02 15:15:00,2025-02-02 21:45:00
2025,4,Yellow Line,LAG504,IS REY,2025-02-05 02:45:00,2025-02-06 17:00:00
2025,4,Blue Line,VED504,IS REY,2025-01-22 20:00:00,2025-01-23 21:15:00
2025,4,Blue Line,VED504,NL RTM,2025-01-26 19:00:00,2025-01-29 19:45:00
2025,4,Blue Line,VED504,GB TEE,2025-01-30 13:30:00,2025-01-31 00:45:00
2025,4,Blue Line,VED504,IS REY,2025-02-02 09:00:00,2025-02-04 06:00:00
2025,4,Blue Line,VED504,IS GRT,2025-02-04 08:00:00,2025-02-05 17:00:00
2025,4,Blue Line,VED504,IS REY,2025-02-06 08:00:00,2025-02-07 02:45:00
2025,5,Green Line,BAK505,IS REY,2025-01-28 00:00:00,2025-01-30 02:45:00
2025,5,Green Line,BAK505,US PWM,2025-02-08 07:00:00,2025-02-10 14:30:00
2025,5,Green Line,BAK505,CA HAL,2025-02-11 18:00:00,2025-02-12 03:45:00
2025,5,Green Line,BAK505,CA NWP,2025-02-13 11:15:00,2025-02-13 19:00:00
2025,5,Green Line,BAK505,IS REY,2025-02-20 14:00:00,2025-02-21 22:00:00
2025,5,Blue Line,JOR505,IS REY,2025-01-29 20:00:00,2025-01-31 00:30:00
2025,5,Blue Line,JOR505,NL RTM,2025-02-02 23:45:00,2025-02-05 17:15:00
2025,5,Blue Line,JOR505,GB TEE,2025-02-06 13:00:00,2025-02-06 23:00:00
2025,5,Blue Line,JOR505,IS REY,2025-02-09 12:30:00,2025-02-11 06:00:00
2025,5,Blue Line,JOR505,IS GRT,2025-02-11 08:00:00,2025-02-12 18:00:00
2025,5,Blue Line,JOR505,IS REY,2025-02-12 20:00:00,2025-02-13 23:15:00
2025,5,Yellow Line,SKO505,IS REY,2025-01-28 13:45:00,2025-01-30 04:45:00
2025,5,Yellow Line,SKO505,IS VES,2025-01-30 19:45:00,2025-01-30 23:00:00
2025,5,Yellow Line,SKO505,FO THO,2025-02-01 02:00:00,2025-02-01 04:45:00
2025,5,Yellow Line,SKO505,GB IMM,2025-02-03 00:30:00,2025-02-03 07:45:00
2025,5,Yellow Line,SKO505,PL SWI,2025-02-05 15:15:00,2025-02-06 14:30:00
2025,5,Yellow Line,SKO505,DK AAR,2025-02-07 06:30:00,2025-02-07 15:15:00
2025,5,Yellow Line,SKO505,FO THO,2025-02-09 18:00:00,2025-02-09 23:00:00
2025,5,Yellow Line,SKO505,IS REY,2025-02-11 10:30:00,2025-02-12 15:45:00
2025,5,Red Line,TUK505,IS REY,2025-02-07 03:30:00,2025-02-07 16:00:00
2025,5,Red Line,TUK505,DE BRV,2025-02-10 16:30:00,2025-02-11 12:00:00
2025,5,Red Line,TUK505,SE HEL,2025-02-12 17:00:00,2025-02-13 02:00:00
2025,5,Red Line,TUK505,DK AAR,2025-02-13 08:30:00,2025-02-14 01:00:00
2025,5,Red Line,TUK505,FO THO,2025-02-15 17:15:00,2025-02-15 22:00:00
2025,5,Red Line,TUK505,IS REY,2025-02-17 07:00:00,2025-02-17 23:00:00
2025,5,Red Line,TUK505,GL GOH,2025-02-21 04:00:00,2025-02-22 00:45:00
2025,5,Red Line,TUK505,IS REY,2025-02-25 07:30:00,2025-02-26 14:00:00
2025,6,Red Line,BRU506,IS REY,2025-02-11 17:00:00,2025-02-13 02:15:00
2025,6,Red Line,BRU506,IS RFJ,2025-02-14 06:15:00,2025-02-14 11:30:00
2025,6,Red Line,BRU506,FO THO,2025-02-15 07:45:00,2025-02-15 16:15:00
2025,6,Red Line,BRU506,DE BRV,2025-02-17 15:00:00,2025-02-18 03:00:00
2025,6,Red Line,BRU506,SE HEL,2025-02-19 08:15:00,2025-02-19 23:45:00
2025,6,Red Line,BRU506,DK AAR,2025-02-20 05:45:00,2025-02-20 23:30:00
2025,6,Red Line,BRU506,IS REY,2025-02-24 07:00:00,2025-02-24 22:00:00
2025,6,Red Line,BRU506,GL GOH,2025-02-28 06:30:00,2025-03-01 07:00:00
2025,6,Red Line,BRU506,IS REY,2025-03-04 04:30:00,2025-03-05 16:00:00
2025,6,Yellow Line,LAG506,IS REY,2025-02-05 02:45:00,2025-02-06 17:00:00
2025,6,Yellow Line,LAG506,FO THO,2025-02-08 19:45:00,2025-02-08 23:15:00
2025,6,Yellow Line,LAG506,GB IMM,2025-02-12 10:00:00,2025-02-12 20:30:00
2025,6,Yellow Line,LAG506,NO FRK,2025-02-14 11:00:00,2025-02-14 18:30:00
2025,6,Yellow Line,LAG506,DK AAR,2025-02-15 11:15:00,2025-02-15 17:30:00
2025,6,Yellow Line,LAG506,FO THO,2025-02-17 20:00:00,2025-02-18 02:15:00
2025,6,Yellow Line,LAG506,IS REY,2025-02-19 09:45:00,2025-02-20 04:15:00
2025,6,Blue Line,VED506,IS REY,2025-02-06 08:00:00,2025-02-07 02:45:00
2025,6,Blue Line,VED506,NL RTM,2025-02-09 23:15:00,2025-02-12 19:30:00
2025,6,Blue Line,VED506,GB TEE,2025-02-13 17:30:00,2025-02-14 03:45:00
2025,6,Blue Line,VED506,IS REY,2025-02-16 12:00:00,2025-02-18 06:00:00
2025,6,Blue Line,VED506,IS GRT,2025-02-18 08:00:00,2025-02-19 18:00:00
2025,6,Blue Line,VED506,IS REY,2025-02-19 20:00:00,2025-02-20 20:15:00
2025,6,Green Line,VIV506,IS REY,2025-02-02 01:00:00,2025-02-06 06:00:00
2025,6,Green Line,VIV506,US PWM,2025-02-13 16:15:00,2025-02-15 15:30:00
2025,6,Green Line,VIV506,CA HAL,2025-02-18 02:30:00,2025-02-19 06:00:00
2025,6,Green Line,VIV506,CA NWP,2025-02-22 12:15:00,2025-02-22 20:00:00
2025,6,Green Line,VIV506,IS REY,2025-02-27 05:00:00,2025-03-03 12:00:00
2025,7,Green Line,AVA507,IS REY,2025-02-09 16:30:00,2025-02-12 10:00:00
2025,7,Green Line,AVA507,US PWM,2025-02-20 21:45:00,2025-02-22 12:00:00
2025,7,Green Line,AVA507,CA HAL,2025-02-23 14:00:00,2025-02-23 21:30:00
2025,7,Green Line,AVA507,CA NWP,2025-02-25 09:30:00,2025-02-26 10:15:00
2025,7,Green Line,AVA507,IS REY,2025-03-06 12:00:00,2025-03-07 00:00:00
2025,7,Red Line,DET507,FO THO,2025-02-23 01:45:00,2025-02-23 20:30:00
2025,7,Red Line,DET507,DE BRV,2025-02-25 17:30:00,2025-02-26 04:45:00
2025,7,Red Line,DET507,SE HEL,2025-02-27 17:45:00,2025-02-28 03:00:00
2025,7,Red Line,DET507,DK AAR,2025-02-28 08:45:00,2025-03-01 01:30:00
2025,7,Red Line,DET507,FO THO,2025-03-02 23:30:00,2025-03-03 02:30:00
2025,7,Red Line,DET507,IS REY,2025-03-05 03:30:00,2025-03-05 20:45:00
2025,7,Red Line,DET507,GL GOH,2025-03-08 14:45:00,2025-03-10 08:30:00
2025,7,Red Line,DET507,IS REY,2025-03-13 09:30:00,2025-03-13 23:45:00
2025,7,Blue Line,JOR507,IS REY,2025-02-12 20:00:00,2025-02-13 23:15:00
2025,7,Blue Line,JOR507,NL RTM,2025-02-17 10:00:00,2025-02-19 18:15:00
2025,7,Blue Line,JOR507,GB TEE,2025-02-20 14:30:00,2025-02-20 21:00:00
2025,7,Blue Line,JOR507,IS REY,2025-02-23 13:00:00,2025-02-25 06:00:00
2025,7,Blue Line,JOR507,IS GRT,2025-02-25 08:00:00,2025-02-26 18:00:00
2025,7,Blue Line,JOR507,IS REY,2025-02-26 20:00:00,2025-02-27 18:00:00
2025,7,Red Line,LAG507,IS REY,2025-02-19 09:45:00,2025-02-20 04:15:00
2025,7,Red Line,LAG507,IS RFJ,2025-02-21 04:45:00,2025-02-21 10:15:00
2025,7,Red Line,LAG507,FO THO,2025-02-22 07:30:00,2025-02-22 15:30:00
2025,7,Red Line,LAG507,IS REY,2025-02-24 08:15:00,2025-02-27 18:00:00
2025,7,Yellow Line,SKO507,IS REY,2025-02-11 10:30:00,2025-02-12 15:45:00
2025,7,Yellow Line,SKO507,IS VES,2025-02-13 17:15:00,2025-02-14 01:15:00
2025,7,Yellow Line,SKO507,FO THO,2025-02-15 19:45:00,2025-02-16 04:00:00
2025,7,Yellow Line,SKO507,GB IMM,2025-02-17 22:00:00,2025-02-18 04:00:00
2025,7,Yellow Line,SKO507,PL SWI,2025-02-20 06:00:00,2025-02-21 08:30:00
2025,7,Yellow Line,SKO507,DK AAR,2025-02-22 02:00:00,2025-02-22 13:30:00
2025,7,Yellow Line,SKO507,FO THO,2025-02-24 22:15:00,2025-02-25 03:45:00
2025,7,Yellow Line,SKO507,IS REY,2025-02-26 16:15:00,2025-02-26 22:15:00
2025,8,Green Line,BAK508,IS REY,2025-02-20 08:00:00,2025-02-21 13:30:00
2025,8,Green Line,BAK508,US PWM,2025-02-28 08:00:00,2025-03-02 13:00:00
2025,8,Green Line,BAK508,IS REY,2025-03-08 23:15:00,2025-03-12 00:30:00
2025,8,Yellow Line,SEL508,IS REY,2025-02-18 12:00:00,2025-02-19 15:30:00
2025,8,Yellow Line,SEL508,IS VES,2025-02-20 01:30:00,2025-02-20 04:15:00
2025,8,Yellow Line,SEL508,FO THO,2025-02-21 11:15:00,2025-02-21 20:00:00
2025,8,Yellow Line,SEL508,GB IMM,2025-02-23 18:30:00,2025-02-24 08:30:00
2025,8,Yellow Line,SEL508,NO FRK,2025-02-26 07:00:00,2025-02-26 17:45:00
2025,8,Yellow Line,SEL508,DK AAR,2025-02-27 11:30:00,2025-02-28 16:30:00
2025,8,Yellow Line,SEL508,FO THO,2025-03-02 20:15:00,2025-03-03 13:30:00
2025,8,Yellow Line,SEL508,IS REY,2025-03-05 20:00:00,2025-03-06 19:00:00
2025,8,Red Line,TUK508,IS REY,2025-02-25 07:30:00,2025-02-26 14:00:00
2025,8,Red Line,TUK508,IS RFJ,2025-02-27 10:45:00,2025-02-27 20:15:00
2025,8,Red Line,TUK508,FO THO,2025-02-28 13:15:00,2025-03-01 02:30:00
2025,8,Red Line,TUK508,DE BRV,2025-03-03 05:45:00,2025-03-03 20:45:00
2025,8,Red Line,TUK508,SE HEL,2025-03-05 07:45:00,2025-03-06 00:15:00
2025,8,Red Line,TUK508,DK AAR,2025-03-06 06:45:00,2025-03-07 02:30:00
2025,8,Red Line,TUK508,IS REY,2025-03-10 07:15:00,2025-03-10 22:00:00
2025,8,Red Line,TUK508,GL GOH,2025-03-13 11:30:00,2025-03-15 02:15:00
2025,8,Red Line,TUK508,IS REY,2025-03-18 07:00:00,2025-03-19 15:45:00
2025,8,Blue Line,VED508,IS REY,2025-02-19 20:00:00,2025-02-20 20:15:00
2025,8,Blue Line,VED508,NL RTM,2025-02-23 19:00:00,2025-02-26 18:00:00
2025,8,Blue Line,VED508,GB TEE,2025-02-27 09:45:00,2025-02-27 17:00:00
2025,8,Blue Line,VED508,IS REY,2025-03-04 07:00:00,2025-03-04 20:00:00
2025,8,Blue Line,VED508,IS GRT,2025-03-04 22:00:00,2025-03-05 18:00:00
2025,8,Blue Line,VED508,IS REY,2025-03-05 20:00:00,2025-03-06 20:00:00
2025,9,Red Line,BRU509,IS REY,2025-03-04 04:30:00,2025-03-05 16:00:00
2025,9,Red Line,BRU509,IS RFJ,2025-03-06 15:15:00,2025-03-06 19:00:00
2025,9,Red Line,BRU509,FO THO,2025-03-07 13:30:00,2025-03-07 23:00:00
2025,9,Red Line,BRU509,DE BRV,2025-03-09 22:15:00,2025-03-10 20:30:00
2025,9,Red Line,BRU509,SE HEL,2025-03-12 06:45:00,2025-03-12 22:30:00
2025,9,Red Line,BRU509,DK AAR,2025-03-13 06:00:00,2025-03-13 23:45:00
2025,9,Red Line,BRU509,IS REY,2025-03-17 06:00:00,2025-03-17 20:30:00
2025,9,Red Line,BRU509,GL GOH,2025-03-21 19:45:00,2025-03-22 11:45:00
2025,9,Red Line,BRU509,IS REY,2025-03-25 00:45:00,2025-03-26 15:00:00
2025,9,Blue Line,JOR509,IS REY,2025-02-26 20:00:00,2025-02-27 18:15:00
2025,9,Blue Line,JOR509,NL RTM,2025-03-02 18:15:00,2025-03-05 17:30:00
2025,9,Blue Line,JOR509,GB TEE,2025-03-06 11:15:00,2025-03-06 22:15:00
2025,9,Blue Line,JOR509,IS REY,2025-03-09 12:15:00,2025-03-11 06:00:00
2025,9,Blue Line,JOR509,IS GRT,2025-03-11 08:00:00,2025-03-12 18:00:00
2025,9,Blue Line,JOR509,IS REY,2025-03-12 20:00:00,2025-03-13 20:30:00
2025,9,Yellow Line,SKO509,IS REY,2025-02-26 16:15:00,2025-02-26 22:15:00
2025,9,Yellow Line,SKO509,IS VES,2025-02-27 08:00:00,2025-02-27 10:30:00
2025,9,Yellow Line,SKO509,FO THO,2025-02-28 14:00:00,2025-02-28 21:30:00
2025,9,Yellow Line,SKO509,GB IMM,2025-03-02 17:30:00,2025-03-03 03:15:00
2025,9,Yellow Line,SKO509,PL SWI,2025-03-05 06:00:00,2025-03-06 00:00:00
2025,9,Yellow Line,SKO509,DK AAR,2025-03-06 20:00:00,2025-03-07 14:30:00
2025,9,Yellow Line,SKO509,FO THO,2025-03-09 16:00:00,2025-03-09 22:30:00
2025,9,Yellow Line,SKO509,IS REY,2025-03-11 11:15:00,2025-03-12 17:45:00
2025,9,Green Line,VIV509,IS REY,2025-02-27 05:00:00,2025-03-03 12:00:00
2025,9,Green Line,VIV509,US PWM,2025-03-11 18:15:00,2025-03-12 19:00:00
2025,9,Green Line,VIV509,CA HAL,2025-03-13 19:00:00,2025-03-14 23:00:00
2025,9,Green Line,VIV509,CA NWP,2025-03-16 19:30:00,2025-03-18 15:30:00
2025,9,Green Line,VIV509,IS REY,2025-03-22 00:00:00,2025-03-24 20:00:00
2025,10,Green Line,AVA510,IS REY,2025-03-06 10:00:00,2025-03-07 16:00:00
2025,10,Green Line,AVA510,US PWM,2025-03-15 06:45:00,2025-03-16 16:00:00
2025,10,Green Line,AVA510,CA HAL,2025-03-17 22:45:00,2025-03-18 16:30:00
2025,10,Green Line,AVA510,IS REY,2025-03-24 16:30:00,2025-03-26 04:00:00
2025,10,Red Line,DET510,IS REY,2025-03-13 09:30:00,2025-03-13 23:45:00
2025,10,Red Line,DET510,FO THO,2025-03-15 07:45:00,2025-03-15 12:15:00
2025,10,Red Line,DET510,DE BRV,2025-03-17 04:45:00,2025-03-17 22:15:00
2025,10,Red Line,DET510,SE HEL,2025-03-19 06:00:00,2025-03-19 20:00:00
2025,10,Red Line,DET510,DK AAR,2025-03-20 05:45:00,2025-03-21 00:45:00
2025,10,Red Line,DET510,IS REY,2025-03-24 06:15:00,2025-03-24 22:15:00
2025,10,Red Line,DET510,GL GOH,2025-03-27 14:15:00,2025-03-28 12:45:00
2025,10,Red Line,DET510,IS REY,2025-03-31 18:15:00,2025-04-02 14:30:00
2025,10,Yellow Line,LAG510,IS REY,2025-02-19 11:00:00,2025-03-05 23:30:00
2025,10,Yellow Line,LAG510,IS VES,2025-03-06 08:15:00,2025-03-06 13:00:00
2025,10,Yellow Line,LAG510,FO THO,2025-03-07 16:00:00,2025-03-07 22:00:00
2025,10,Yellow Line,LAG510,GB IMM,2025-03-09 17:30:00,2025-03-10 03:15:00
2025,10,Yellow Line,LAG510,NO FRK,2025-03-12 06:45:00,2025-03-12 16:45:00
2025,10,Yellow Line,LAG510,DK AAR,2025-03-13 10:30:00,2025-03-14 20:00:00
2025,10,Yellow Line,LAG510,FO THO,2025-03-17 00:15:00,2025-03-17 07:15:00
2025,10,Yellow Line,LAG510,IS REY,2025-03-18 15:30:00,2025-03-19 19:00:00
2025,10,Blue Line,VED510,IS REY,2025-03-05 20:00:00,2025-03-06 20:00:00
2025,10,Blue Line,VED510,NL RTM,2025-03-09 18:45:00,2025-03-12 17:30:00
2025,10,Blue Line,VED510,GB TEE,2025-03-14 03:00:00,2025-03-14 10:00:00
2025,10,Blue Line,VED510,IS REY,2025-03-16 16:00:00,2025-03-18 06:00:00
2025,10,Blue Line,VED510,IS GRT,2025-03-18 08:00:00,2025-03-19 18:00:00
2025,10,Blue Line,VED510,IS REY,2025-03-19 20:00:00,2025-03-20 19:45:00
2025,11,Green Line,BAK511,IS REY,2025-03-08 23:15:00,2025-03-12 00:30:00
2025,11,Green Line,BAK511,US PWM,2025-03-18 08:00:00,2025-03-19 20:00:00
2025,11,Green Line,BAK511,CA HAL,2025-03-21 08:15:00,2025-03-21 19:00:00
2025,11,Green Line,BAK511,CA NWP,2025-03-23 21:15:00,2025-03-24 23:15:00
2025,11,Green Line,BAK511,IS REY,2025-03-30 06:45:00,2025-04-02 22:00:00
2025,11,Blue Line,JOR511,IS REY,2025-03-12 20:00:00,2025-03-13 20:30:00
2025,11,Blue Line,JOR511,NL RTM,2025-03-16 18:30:00,2025-03-19 17:30:00
2025,11,Blue Line,JOR511,GB TEE,2025-03-20 13:15:00,2025-03-20 22:00:00
2025,11,Blue Line,JOR511,IS REY,2025-03-23 12:00:00,2025-03-25 06:00:00
2025,11,Blue Line,JOR511,IS GRT,2025-03-25 08:00:00,2025-03-26 18:00:00
2025,11,Blue Line,JOR511,IS REY,2025-03-26 20:00:00,2025-03-27 21:00:00
2025,11,Yellow Line,SKO511,IS REY,2025-03-11 11:15:00,2025-03-12 17:45:00
2025,11,Yellow Line,SKO511,IS VES,2025-03-13 05:15:00,2025-03-13 12:15:00
2025,11,Yellow Line,SKO511,FO THO,2025-03-14 14:15:00,2025-03-14 23:30:00
2025,11,Yellow Line,SKO511,GB IMM,2025-03-16 18:00:00,2025-03-17 03:00:00
2025,11,Yellow Line,SKO511,PL SWI,2025-03-19 07:15:00,2025-03-19 22:45:00
2025,11,Yellow Line,SKO511,DK AAR,2025-03-20 15:30:00,2025-03-21 15:45:00
2025,11,Yellow Line,SKO511,FO THO,2025-03-23 17:00:00,2025-03-24 00:30:00
2025,11,Yellow Line,SKO511,IS REY,2025-03-25 13:30:00,2025-03-26 20:30:00
2025,11,Red Line,TUK511,IS REY,2025-03-18 07:00:00,2025-03-19 15:45:00
2025,11,Red Line,TUK511,IS RFJ,2025-03-20 14:45:00,2025-03-20 22:30:00
2025,11,Red Line,TUK511,FO THO,2025-03-21 17:00:00,2025-03-22 00:30:00
2025,11,Red Line,TUK511,DE BRV,2025-03-24 05:30:00,2025-03-24 23:45:00
2025,11,Red Line,TUK511,SE HEL,2025-03-26 07:00:00,2025-03-26 22:30:00
2025,11,Red Line,TUK511,DK AAR,2025-03-27 06:00:00,2025-03-27 22:45:00
2025,11,Red Line,TUK511,IS REY,2025-03-31 07:00:00,2025-03-31 23:45:00
2025,11,Red Line,TUK511,GL GOH,2025-04-04 06:45:00,2025-04-05 05:00:00
2025,11,Red Line,TUK511,IS REY,2025-04-08 09:15:00,2025-04-09 21:15:00
2025,12,Red Line,BRU512,IS REY,2025-03-25 00:45:00,2025-03-26 18:30:00
2025,12,Red Line,BRU512,IS RFJ,2025-03-27 17:00:00,2025-03-27 22:15:00
2025,12,Red Line,BRU512,FO THO,2025-03-28 15:15:00,2025-03-29 00:00:00
2025,12,Red Line,BRU512,DE BRV,2025-03-31 00:00:00,2025-03-31 23:30:00
2025,12,Red Line,BRU512,SE HEL,2025-04-02 07:00:00,2025-04-03 00:30:00
2025,12,Red Line,BRU512,DK AAR,2025-04-03 07:15:00,2025-04-03 21:15:00
2025,12,Red Line,BRU512,IS REY,2025-04-07 07:00:00,2025-04-08 00:00:00
2025,12,Red Line,BRU512,GL GOH,2025-04-10 18:00:00,2025-04-12 13:45:00
2025,12,Red Line,BRU512,IS REY,2025-04-14 21:45:00,2025-04-16 20:30:00
2025,12,Yellow Line,LAG512,IS REY,2025-03-18 15:30:00,2025-03-19 19:00:00
2025,12,Yellow Line,LAG512,IS VES,2025-03-20 05:30:00,2025-03-20 10:15:00
2025,12,Yellow Line,LAG512,FO THO,2025-03-21 13:45:00,2025-03-21 22:15:00
2025,12,Yellow Line,LAG512,GB IMM,2025-03-24 02:45:00,2025-03-24 16:15:00
2025,12,Yellow Line,LAG512,NO FRK,2025-03-26 06:45:00,2025-03-26 18:30:00
2025,12,Yellow Line,LAG512,DK AAR,2025-03-27 11:30:00,2025-03-28 16:30:00
2025,12,Yellow Line,LAG512,FO THO,2025-03-30 18:15:00,2025-03-31 00:30:00
2025,12,Yellow Line,LAG512,IS REY,2025-04-01 12:15:00,2025-04-02 19:00:00
2025,12,Blue Line,VED512,IS REY,2025-03-19 20:00:00,2025-03-20 19:45:00
2025,12,Blue Line,VED512,NL RTM,2025-03-23 18:45:00,2025-03-26 16:00:00
2025,12,Blue Line,VED512,GB TEE,2025-03-27 13:30:00,2025-03-27 22:15:00
2025,12,Blue Line,VED512,IS REY,2025-03-30 08:30:00,2025-04-01 06:00:00
2025,12,Blue Line,VED512,IS GRT,2025-04-01 08:00:00,2025-04-02 18:00:00
2025,12,Blue Line,VED512,IS REY,2025-04-02 20:00:00,2025-04-03 19:45:00
2025,12,Green Line,VIV512,IS REY,2025-03-22 00:00:00,2025-03-24 20:00:00
2025,12,Green Line,VIV512,US PWM,2025-03-31 08:00:00,2025-04-01 21:00:00
2025,12,Green Line,VIV512,IS REY,2025-04-08 01:30:00,2025-04-08 23:15:00
2025,13,Green Line,AVA513,IS REY,2025-03-24 16:30:00,2025-03-26 03:30:00
2025,13,Green Line,AVA513,US PWM,2025-04-02 17:45:00,2025-04-03 17:15:00
2025,13,Green Line,AVA513,CA HAL,2025-04-05 09:30:00,2025-04-05 19:30:00
2025,13,Green Line,AVA513,CA NWP,2025-04-07 09:00:00,2025-04-07 22:00:00
2025,13,Green Line,AVA513,IS REY,2025-04-13 15:45:00,2025-04-15 22:00:00
2025,13,Red Line,DET513,IS REY,2025-03-31 18:15:00,2025-04-02 14:30:00
2025,13,Red Line,DET513,IS RFJ,2025-04-03 11:00:00,2025-04-03 16:15:00
2025,13,Red Line,DET513,FO THO,2025-04-04 11:15:00,2025-04-04 22:15:00
2025,13,Red Line,DET513,DK AAR,2025-04-06 18:15:00,2025-04-07 18:45:00
2025,13,Red Line,DET513,CZ DDD,2025-04-08 06:00:00,2025-05-01 00:00:00
2025,13,Red Line,DET513,DK AAR,2025-05-01 06:15:00,2025-05-02 17:30:00
2025,13,Red Line,DET513,IS REY,2025-05-05 18:00:00,2025-05-06 01:45:00
2025,13,Red Line,DET513,GL GOH,2025-05-08 20:15:00,2025-05-09 20:45:00
2025,13,Red Line,DET513,IS REY,2025-05-13 06:15:00,2025-05-14 15:00:00
2025,13,Blue Line,JOR513,IS REY,2025-03-26 20:00:00,2025-03-27 21:00:00
2025,13,Blue Line,JOR513,NL RTM,2025-03-30 18:15:00,2025-04-02 14:45:00
2025,13,Blue Line,JOR513,GB TEE,2025-04-03 11:15:00,2025-04-03 21:30:00
2025,13,Blue Line,JOR513,IS REY,2025-04-06 12:00:00,2025-04-08 06:00:00
2025,13,Blue Line,JOR513,IS GRT,2025-04-08 08:00:00,2025-04-09 18:00:00
2025,13,Blue Line,JOR513,IS REY,2025-04-09 20:00:00,2025-04-10 19:30:00
2025,13,Yellow Line,SKO513,IS REY,2025-03-25 13:30:00,2025-03-26 20:30:00
2025,13,Yellow Line,SKO513,IS VES,2025-03-27 06:45:00,2025-03-27 09:30:00
2025,13,Yellow Line,SKO513,FO THO,2025-03-28 18:00:00,2025-03-28 21:30:00
2025,13,Yellow Line,SKO513,GB IMM,2025-03-30 16:45:00,2025-03-31 03:15:00
2025,13,Yellow Line,SKO513,PL SWI,2025-04-02 07:15:00,2025-04-02 23:00:00
2025,13,Yellow Line,SKO513,DK AAR,2025-04-03 16:00:00,2025-04-04 17:00:00
2025,13,Yellow Line,SKO513,FO THO,2025-04-06 18:15:00,2025-04-07 01:00:00
2025,13,Yellow Line,SKO513,IS REY,2025-04-08 10:30:00,2025-04-09 20:30:00
