Commodity,Year,Week,Origin,DepartureTime,Destination,ArrivalTime,ContainerType,ContainerSize,Owner,Count,Truncated,FinalDestination,ContractType
DLAY_9_IS GRT_IS REY,2025,7,IS GRT,234,IS REY,492,22G1,20.0,CARRIER,1,True,GB IMM,
DLAY_10_IS GRT_IS REY,2025,7,IS GRT,234,IS REY,492,22G1,20.0,CARRIER,1,True,GB IMM,
DLAY_29_DE BRV_IS REY,2025,8,DE BRV,27,IS REY,492,42P3,40.0,CARRIER,1,True,IS VES,
DLAY_34_DE BRV_IS REY,2025,8,DE BRV,27,IS REY,492,42P3,40.0,LEASED,1,True,IS VES,
DLAY_73_FO THO_IS REY,2025,8,FO THO,135,IS REY,492,22G1,20.0,CARRIER,1,True,CA NWP,
DLAY_74_FO THO_IS REY,2025,8,FO THO,135,IS REY,492,45R1,40.0,CARRIER,1,True,US PWM,
DLAY_79_GB IMM_IS REY,2025,8,GB IMM,28,IS REY,492,45R1,40.0,CARRIER,1,True,US PWM,
DLAY_80_GB TEE_IS REY,2025,8,GB TEE,93,IS REY,492,42P3,40.0,CARRIER,1,True,IS VES,
DLAY_81_GB TEE_IS REY,2025,8,GB TEE,93,IS REY,492,22G1,20.0,CARRIER,1,True,CA HAL,
DLAY_82_GB TEE_IS REY,2025,8,GB TEE,93,IS REY,492,22G1,20.0,CARRIER,1,True,CA HAL,
DLAY_150_DE BRV_IS REY,2025,9,DE BRV,220,IS REY,492,22G1,20.0,CARRIER,1,True,US PWM,
DLAY_154_DE BRV_IS REY,2025,9,DE BRV,220,IS REY,492,22G1,20.0,CARRIER,1,True,US PWM,
DLAY_181_FO THO_IS REY,2025,9,FO THO,116,IS REY,492,45R1,40.0,CARRIER,4,True,US PWM,
DLAY_188_GB TEE_IS REY,2025,9,GB TEE,257,IS REY,492,45U1,40.0,CARRIER,1,True,SE HEL,
DLAY_190_GB TEE_IS REY,2025,9,GB TEE,257,IS REY,492,22G1,20.0,CARRIER,1,True,CA HAL,
DLAY_221_IS RFJ_FO THO,2025,9,IS RFJ,260,FO THO,502,45R1,40.0,CARRIER,1,True,IS REY,
DLAY_222_IS VES_FO THO,2025,9,IS VES,250,FO THO,502,45R1,40.0,CARRIER,1,True,IS REY,
DLAY_243_NL RTM_IS REY,2025,9,NL RTM,234,IS REY,492,22U1,20.0,SHIPPER,1,True,FO THO,
DLAY_244_NL RTM_IS REY,2025,9,NL RTM,234,IS REY,492,22G1,20.0,SHIPPER,1,True,CA HAL,
DLAY_245_NL RTM_IS REY,2025,9,NL RTM,234,IS REY,492,22GB,20.0,SHIPPER,1,True,US PWM,
TLEG_0_IS REY_GB IMM,2025,8,IS REY,258,GB IMM,497,45G1,40.0,Carrier,3,False,GB IMM,
TLEG_1_IS REY_DE BRV,2025,8,IS REY,258,DE BRV,502,45G1,40.0,Carrier,5,False,DE BRV,
TLEG_2_IS REY_NL RTM,2025,8,IS REY,258,NL RTM,498,45G1,40.0,Carrier,1,False,NL RTM,
TLEG_3_IS REY_NL RTM,2025,8,IS REY,258,NL RTM,498,22G1,20.0,Carrier,1,False,NL RTM,
TLEG_4_IS REY_NL RTM,2025,8,IS REY,258,NL RTM,498,22G1,20.0,Shipper,1,False,NL RTM,
TLEG_5_IS REY_IS GRT,2025,8,IS REY,258,IS GRT,402,45G1,40.0,Carrier,1,False,IS GRT,
TLEG_6_IS REY_IS RFJ,2025,8,IS REY,258,IS RFJ,427,45R1,40.0,Leased,1,False,IS RFJ,
TLEG_7_IS REY_FO THO,2025,8,IS REY,258,FO THO,502,22G1,20.0,Carrier,1,False,FO THO,
TLEG_8_IS REY_NO FRK,2025,8,IS REY,86,NO FRK,233,45G1,40.0,Carrier,1,False,NO FRK,
TLEG_9_IS REY_US PWM,2025,8,IS REY,7,US PWM,325,42P3,40.0,Carrier,1,False,US PWM,
TLEG_10_IS REY_CA NWP,2025,8,IS REY,7,CA NWP,226,LNRB,45.0,Carrier,1,False,CA NWP,
TLEG_11_IS REY_CA NWP,2025,8,IS REY,7,CA NWP,226,22G1,20.0,Carrier,1,False,CA NWP,
TLEG_12_IS REY_CA HAL,2025,8,IS REY,7,CA HAL,165,22G1,20.0,Carrier,1,False,CA HAL,
TLEG_13_IS REY_CA HAL,2025,8,IS REY,7,CA HAL,165,45R1,40.0,Carrier,2,False,CA HAL,
TLEG_14_IS REY_GB IMM,2025,8,IS REY,236,GB IMM,497,22G1,20.0,Carrier,2,False,GB IMM,
TLEG_15_IS REY_CA NWP,2025,8,IS REY,0,CA NWP,226,45P3,40.0,Carrier,1,False,CA NWP,
TLEG_16_IS REY_NL RTM,2025,8,IS REY,245,NL RTM,498,45G1,40.0,Carrier,6,False,NL RTM,
TLEG_17_IS REY_NL RTM,2025,8,IS REY,245,NL RTM,498,45R1,40.0,Carrier,1,False,NL RTM,
TLEG_18_IS REY_DK AAR,2025,8,IS REY,420,DK AAR,446,45G1,40.0,Carrier,1,False,DK AAR,
TLEG_19_IS REY_IS RFJ,2025,8,IS REY,245,IS RFJ,427,45R1,40.0,Carrier,1,False,IS RFJ,
TLEG_20_IS REY_NL RTM,2025,8,IS REY,420,NL RTM,498,45R1,40.0,Carrier,2,False,NL RTM,
TLEG_21_IS REY_GB IMM,2025,8,IS REY,245,GB IMM,497,45R1,40.0,Carrier,1,False,GB IMM,
TLEG_22_IS REY_IS VES,2025,8,IS REY,175,IS VES,421,42P3,40.0,Carrier,1,False,IS VES,
TLEG_23_IS REY_IS VES,2025,8,IS REY,175,IS VES,421,42P3,40.0,Leased,1,False,IS VES,
TLEG_24_IS REY_US PWM,2025,8,IS REY,175,US PWM,325,45G1,40.0,Carrier,4,False,US PWM,
TLEG_25_IS REY_IS RFJ,2025,8,IS REY,232,IS RFJ,427,4EG1,40.0,Carrier,1,False,IS RFJ,
TLEG_26_IS REY_US PWM,2025,8,IS REY,175,US PWM,325,45R1,40.0,Carrier,2,False,US PWM,
TLEG_27_IS REY_CA NWP,2025,8,IS REY,176,CA NWP,226,22G1,20.0,Carrier,1,False,CA NWP,
TLEG_28_IS REY_US PWM,2025,8,IS REY,176,US PWM,325,45R1,40.0,Carrier,1,False,US PWM,
TLEG_29_IS REY_US PWM,2025,8,IS REY,232,US PWM,325,45R1,40.0,Carrier,1,False,US PWM,
TLEG_30_IS REY_IS VES,2025,8,IS REY,157,IS VES,421,42P3,40.0,Carrier,1,False,IS VES,
TLEG_31_IS REY_CA HAL,2025,8,IS REY,157,CA HAL,165,22G1,20.0,Carrier,2,False,CA HAL,
TLEG_32_IS REY_US PWM,2025,8,IS REY,157,US PWM,325,45G1,40.0,Carrier,1,False,US PWM,
TLEG_33_IS REY_CA HAL,2025,8,IS REY,157,CA HAL,165,45R1,40.0,Carrier,1,False,CA HAL,
TLEG_34_IS REY_IS GRT,2025,8,IS REY,157,IS GRT,402,45R1,40.0,Carrier,1,False,IS GRT,
TLEG_36_IS REY_DK AAR,2025,8,IS REY,420,DK AAR,446,22G1,20.0,Carrier,4,False,DK AAR,
TLEG_37_IS REY_GB IMM,2025,8,IS REY,420,GB IMM,497,45G1,40.0,Carrier,1,False,GB IMM,
TLEG_44_IS REY_SE HEL,2025,8,IS REY,367,SE HEL,408,45U1,40.0,Carrier,1,False,SE HEL,
TLEG_46_FO THO_IS REY,2025,8,FO THO,277,IS REY,492,45R1,40.0,Carrier,1,False,IS REY,
TLEG_47_FO THO_IS REY,2025,8,FO THO,278,IS REY,492,45R1,40.0,Carrier,1,False,IS REY,
TLEG_52_IS REY_FO THO,2025,8,IS REY,367,FO THO,502,22G1,20.0,Carrier,1,False,FO THO,
TLEG_53_IS REY_FO THO,2025,8,IS REY,367,FO THO,502,22U1,20.0,Shipper,1,False,FO THO,
TLEG_56_IS REY_IS GRT,2025,8,IS REY,387,IS GRT,402,45R1,40.0,Carrier,1,False,IS GRT,
TLEG_58_IS REY_GB IMM,2025,8,IS REY,479,GB IMM,497,45G1,40.0,Carrier,1,False,GB IMM,
TLEG_59_IS REY_DE BRV,2025,8,IS REY,479,DE BRV,502,45G1,40.0,Carrier,1,False,DE BRV,
TLEG_60_IS REY_GB IMM,2025,8,IS REY,479,GB IMM,497,45R1,40.0,Carrier,1,False,GB IMM,
TLEG_65_IS REY_DK AAR,2025,8,IS REY,420,DK AAR,446,45G1,40.0,Carrier,1,False,DK AAR,
TLEG_66_IS REY_NL RTM,2025,8,IS REY,420,NL RTM,498,45R1,40.0,Carrier,2,False,NL RTM,
TLEG_68_IS REY_DK AAR,2025,8,IS REY,420,DK AAR,446,22G1,20.0,Carrier,1,False,DK AAR,
TLEG_69_IS REY_GB IMM,2025,8,IS REY,420,GB IMM,497,45G1,40.0,Carrier,1,False,GB IMM,
CARRY_0_US PWM_CA NWP,2025,8,US PWM,93,CA NWP,226,45P3,40.0,Carrier,3,False,CA NWP,
CARRY_3_US PWM_CA NWP,2025,8,US PWM,93,CA NWP,226,22G1,20.0,Carrier,4,False,CA NWP,
CARRY_4_US PWM_CA NWP,2025,8,US PWM,93,CA NWP,226,45G1,40.0,Carrier,1,False,CA NWP,
CARRY_5_US PWM_CA HAL,2025,8,US PWM,93,CA HAL,165,45R1,40.0,Carrier,5,False,CA HAL,
CARRY_6_US PWM_CA HAL,2025,8,US PWM,93,CA HAL,165,45G1,40.0,Carrier,1,False,CA HAL,
CARRY_8_US PWM_CA HAL,2025,8,US PWM,93,CA HAL,165,45G1,40.0,Carrier,1,False,CA HAL,
CARRY_9_US PWM_CA HAL,2025,8,US PWM,93,CA HAL,165,22G1,20.0,Carrier,1,False,CA HAL,
CARRY_11_IS REY_NL RTM,2025,8,IS REY,86,NL RTM,498,22G1,20.0,Carrier,2,False,NL RTM,
CARRY_12_IS REY_NL RTM,2025,8,IS REY,86,NL RTM,498,22G1,20.0,Shipper,1,False,NL RTM,
CARRY_13_IS REY_GB IMM,2025,8,IS REY,86,GB IMM,497,45G1,40.0,Carrier,3,False,GB IMM,
CARRY_27_CA HAL_NL RTM,2025,8,CA HAL,26,NL RTM,498,45G1,40.0,Carrier,1,False,NL RTM,
CARRY_28_CA HAL_IS REY,2025,8,CA HAL,26,IS REY,492,45G1,40.0,Carrier,13,False,IS REY,
CARRY_30_CA HAL_NL RTM,2025,8,CA HAL,26,NL RTM,498,45R1,40.0,Carrier,3,False,NL RTM,
CARRY_31_CA HAL_IS REY,2025,8,CA HAL,26,IS REY,492,22G1,20.0,Carrier,1,False,IS REY,
CARRY_32_CA HAL_IS REY,2025,8,CA HAL,26,IS REY,492,45R1,40.0,Carrier,1,False,IS REY,
CARRY_33_CA HAL_IS REY,2025,8,CA HAL,26,IS REY,492,22G1,20.0,Leased,2,False,IS REY,
CARRY_34_DE BRV_DK AAR,2025,8,DE BRV,15,DK AAR,446,45R1,40.0,Carrier,1,False,DK AAR,
CARRY_38_DE BRV_SE HEL,2025,8,DE BRV,15,SE HEL,408,45R1,40.0,Carrier,1,False,SE HEL,
CARRY_39_DE BRV_SE HEL,2025,8,DE BRV,15,SE HEL,408,4EG1,40.0,Carrier,1,False,SE HEL,
CARRY_40_DE BRV_DK AAR,2025,8,DE BRV,15,DK AAR,446,45R1,40.0,Leased,1,False,DK AAR,
CARRY_41_DE BRV_DK AAR,2025,8,DE BRV,15,DK AAR,446,22G1,20.0,Leased,2,False,DK AAR,
CARRY_42_DE BRV_DK AAR,2025,8,DE BRV,15,DK AAR,446,45G1,40.0,Carrier,1,False,DK AAR,
CARRY_45_DE BRV_DK AAR,2025,8,DE BRV,15,DK AAR,446,45U1,40.0,Carrier,1,False,DK AAR,
CARRY_46_DE BRV_SE HEL,2025,8,DE BRV,15,SE HEL,408,22G1,20.0,Leased,1,False,SE HEL,
CARRY_47_DE BRV_DK AAR,2025,8,DE BRV,15,DK AAR,446,42P3,40.0,Leased,2,False,DK AAR,
CARRY_48_DE BRV_DK AAR,2025,8,DE BRV,15,DK AAR,446,22K0,20.0,Shipper,1,False,DK AAR,
CARRY_49_DE BRV_DK AAR,2025,8,DE BRV,15,DK AAR,446,42U1,40.0,Carrier,1,False,DK AAR,
CARRY_58_GB IMM_PL SWI,2025,8,GB IMM,22,PL SWI,408,45R1,40.0,Leased,2,False,PL SWI,
CARRY_59_GB IMM_PL SWI,2025,8,GB IMM,22,PL SWI,408,4EG1,40.0,Carrier,1,False,PL SWI,
CARRY_60_GB IMM_PL SWI,2025,8,GB IMM,22,PL SWI,408,22G1,20.0,Carrier,1,False,PL SWI,
CARRY_61_GB IMM_PL SWI,2025,8,GB IMM,22,PL SWI,408,42P3,40.0,Leased,1,False,PL SWI,
CARRY_63_GB IMM_PL SWI,2025,8,GB IMM,22,PL SWI,408,45R1,40.0,Carrier,1,False,PL SWI,
CARRY_64_IS REY_US PWM,2025,8,IS REY,157,US PWM,325,22G1,20.0,Carrier,1,False,US PWM,
CARRY_65_IS REY_US PWM,2025,8,IS REY,157,US PWM,325,22K0,20.0,Carrier,1,False,US PWM,
CARRY_66_IS REY_CA HAL,2025,8,IS REY,0,CA HAL,165,45G1,40.0,Carrier,1,False,CA HAL,
CARRY_67_IS REY_DE BRV,2025,8,IS REY,86,DE BRV,502,45G1,40.0,Carrier,10,False,DE BRV,
CARRY_68_IS REY_NO FRK,2025,8,IS REY,86,NO FRK,233,45G1,40.0,Carrier,2,False,NO FRK,
CARRY_69_IS REY_CA NWP,2025,8,IS REY,7,CA NWP,226,LNRB,45.0,Carrier,2,False,CA NWP,
CARRY_70_IS REY_CA NWP,2025,8,IS REY,7,CA NWP,226,22G1,20.0,Carrier,2,False,CA NWP,
CARRY_71_IS REY_CA HAL,2025,8,IS REY,7,CA HAL,165,22G1,20.0,Carrier,2,False,CA HAL,
CARRY_72_IS REY_CA HAL,2025,8,IS REY,7,CA HAL,165,45R1,40.0,Carrier,4,False,CA HAL,
CARRY_73_IS REY_CA NWP,2025,8,IS REY,0,CA NWP,226,45P3,40.0,Carrier,2,False,CA NWP,
CARRY_74_IS REY_IS RFJ,2025,8,IS REY,245,IS RFJ,427,45R1,40.0,Carrier,1,False,IS RFJ,
CARRY_75_IS REY_GB IMM,2025,8,IS REY,245,GB IMM,497,45R1,40.0,Carrier,1,False,GB IMM,
CARRY_76_IS REY_US PWM,2025,8,IS REY,175,US PWM,325,45G1,40.0,Carrier,4,False,US PWM,
CARRY_77_IS REY_IS RFJ,2025,8,IS REY,232,IS RFJ,427,4EG1,40.0,Carrier,1,False,IS RFJ,
CARRY_78_IS REY_US PWM,2025,8,IS REY,175,US PWM,325,45R1,40.0,Carrier,2,False,US PWM,
CARRY_79_IS REY_CA NWP,2025,8,IS REY,176,CA NWP,226,22G1,20.0,Carrier,1,False,CA NWP,
CARRY_80_IS REY_US PWM,2025,8,IS REY,176,US PWM,325,45R1,40.0,Carrier,1,False,US PWM,
CARRY_81_IS REY_US PWM,2025,8,IS REY,232,US PWM,325,45R1,40.0,Carrier,1,False,US PWM,
CARRY_82_IS REY_CA HAL,2025,8,IS REY,157,CA HAL,165,22G1,20.0,Carrier,2,False,CA HAL,
CARRY_83_IS REY_US PWM,2025,8,IS REY,157,US PWM,325,45G1,40.0,Carrier,1,False,US PWM,
CARRY_84_IS REY_CA HAL,2025,8,IS REY,157,CA HAL,165,45R1,40.0,Carrier,1,False,CA HAL,
CARRY_85_IS REY_US PWM,2025,8,IS REY,0,US PWM,325,45R1,40.0,Carrier,2,False,US PWM,
CARRY_86_IS REY_US PWM,2025,8,IS REY,0,US PWM,325,45G1,40.0,Carrier,4,False,US PWM,
CARRY_87_IS REY_CA NWP,2025,8,IS REY,0,CA NWP,226,45R1,40.0,Carrier,9,False,CA NWP,
CARRY_88_IS REY_CA HAL,2025,8,IS REY,0,CA HAL,165,45R1,40.0,Carrier,3,False,CA HAL,
CARRY_89_IS REY_US PWM,2025,8,IS REY,0,US PWM,325,45R1,40.0,Carrier,5,False,US PWM,
CARRY_90_IS REY_US PWM,2025,8,IS REY,7,US PWM,325,45R1,40.0,Carrier,1,False,US PWM,
CARRY_91_IS REY_US PWM,2025,8,IS REY,57,US PWM,325,45R1,40.0,Carrier,3,False,US PWM,
CARRY_92_IS REY_CA NWP,2025,8,IS REY,57,CA NWP,226,45G1,40.0,Carrier,1,False,CA NWP,
CARRY_93_IS REY_CA NWP,2025,8,IS REY,57,CA NWP,226,22G1,20.0,Carrier,1,False,CA NWP,
CARRY_94_IS REY_US PWM,2025,8,IS REY,0,US PWM,325,45R1,40.0,Carrier,1,False,US PWM,
CARRY_95_IS REY_CA HAL,2025,8,IS REY,0,CA HAL,165,45R1,40.0,Carrier,4,False,CA HAL,
CARRY_96_IS REY_CA NWP,2025,8,IS REY,0,CA NWP,226,45R1,40.0,Carrier,3,False,CA NWP,
k0_22GB_20_CARRIER,2025,6,IS GRT,66,NL RTM,163,22GB,20.0,CARRIER,1,False,NL RTM,PURCHASE_AGREEMENT
k1_22G1_20_CARRIER,2025,6,IS GRT,66,NL RTM,163,22G1,20.0,CARRIER,6,False,NL RTM,CABOTAGE
k2_22GB_20_CARRIER,2025,6,IS GRT,66,NL RTM,163,22GB,20.0,CARRIER,1,False,NL RTM,LONG
k3_42P3_40_LEASED,2025,6,IS GRT,66,NL RTM,163,42P3,40.0,LEASED,1,False,NL RTM,MASTER
k4_4EG1_40_CARRIER,2025,7,IS REY,92,NL RTM,163,4EG1,40.0,CARRIER,1,False,NL RTM,PURCHASE_AGREEMENT
k5_45R1_40_CARRIER,2025,7,IS REY,109,US PWM,272,45R1,40.0,CARRIER,1,False,US PWM,PURCHASE_AGREEMENT
k6_45R1_40_CARRIER,2025,7,IS REY,92,NL RTM,163,45R1,40.0,CARRIER,1,False,NL RTM,PURCHASE_AGREEMENT
k7_45R1_40_CARRIER,2025,7,IS REY,348,CA HAL,595,45R1,40.0,CARRIER,1,False,CA HAL,LONG
k8_45R1_40_CARRIER,2025,7,IS REY,92,NL RTM,163,45R1,40.0,CARRIER,1,False,NL RTM,LONG
k9_22K0_20_SHIPPER,2025,7,IS REY,92,NL RTM,163,22K0,20.0,SHIPPER,1,False,NL RTM,
k10_42P3_40_CARRIER,2025,7,IS GRT,234,NL RTM,330,42P3,40.0,CARRIER,2,False,NL RTM,LONG
k11_22G1_20_LEASED,2025,7,IS GRT,234,NL RTM,330,22G1,20.0,LEASED,1,False,NL RTM,PURCHASE
k12_22G1_20_CARRIER,2025,7,IS REY,92,NL RTM,163,22G1,20.0,CARRIER,1,False,NL RTM,CABOTAGE
k13_45G1_40_CARRIER,2025,7,IS REY,92,NL RTM,163,45G1,40.0,CARRIER,1,False,NL RTM,CABOTAGE
k14_22G1_20_CARRIER,2025,7,IS REY,92,NL RTM,163,22G1,20.0,CARRIER,1,False,NL RTM,LONG
k15_22G1_20_LEASED,2025,7,IS REY,92,NL RTM,163,22G1,20.0,LEASED,1,False,NL RTM,PURCHASE
k16_4EG1_40_CARRIER,2025,7,IS REY,76,FO THO,127,4EG1,40.0,CARRIER,1,False,FO THO,LONG
k17_45G1_40_CARRIER,2025,7,IS REY,63,FO THO,107,45G1,40.0,CARRIER,1,False,FO THO,LONG
k18_45G1_40_CARRIER,2025,7,IS REY,76,FO THO,127,45G1,40.0,CARRIER,1,False,FO THO,LONG
k19_45G1_40_CARRIER,2025,8,CA HAL,165,IS REY,420,45G1,40.0,CARRIER,1,True,DK AAR,CABOTAGE
k20_45G1_40_CARRIER,2025,8,CA HAL,54,IS REY,245,45G1,40.0,CARRIER,2,False,IS REY,LONG
k21_45R1_40_CARRIER,2025,8,CA HAL,54,IS RFJ,423,45R1,40.0,CARRIER,1,False,IS RFJ,PURCHASE_AGREEMENT
k22_45R1_40_CARRIER,2025,8,CA HAL,165,IS REY,420,45R1,40.0,CARRIER,2,True,NL RTM,PURCHASE_AGREEMENT
k23_45R1_40_CARRIER,2025,8,CA HAL,54,GB IMM,497,45R1,40.0,CARRIER,1,False,GB IMM,LONG
k24_22G1_20_LEASED,2025,8,CA HAL,54,IS REY,245,22G1,20.0,LEASED,1,False,IS REY,MASTER
k25_45G1_40_LEASED,2025,8,CA HAL,54,IS REY,245,45G1,40.0,LEASED,1,False,IS REY,PURCHASE
k26_45G1_40_SHIPPER,2025,8,CA HAL,54,IS REY,245,45G1,40.0,SHIPPER,1,False,IS REY,
k27_42U1_40_CARRIER,2025,8,DE BRV,27,IS REY,175,42U1,40.0,CARRIER,1,False,IS REY,LONG
k28_42P3_40_CARRIER,2025,8,DE BRV,27,IS VES,416,42P3,40.0,CARRIER,1,False,IS VES,LONG
k29_45G1_40_CARRIER,2025,8,DE BRV,27,IS REY,175,45G1,40.0,CARRIER,4,False,IS REY,LONG
k30_22G1_20_CARRIER,2025,8,DE BRV,27,IS REY,175,22G1,20.0,CARRIER,1,False,IS REY,LONG
k31_45R1_40_CARRIER,2025,8,DE BRV,27,IS REY,175,45R1,40.0,CARRIER,2,False,IS REY,LONG
k32_45R1_40_CARRIER,2025,8,DE BRV,27,IS RFJ,250,45R1,40.0,CARRIER,1,False,IS RFJ,LONG
k33_42P3_40_LEASED,2025,8,DE BRV,27,IS VES,416,42P3,40.0,LEASED,1,False,IS VES,MASTER
k34_42G1_40_LEASED,2025,8,DE BRV,27,IS REY,175,42G1,40.0,LEASED,1,False,IS REY,ONEWAY
k35_22G1_20_SHIPPER,2025,8,DE BRV,27,IS REY,175,22G1,20.0,SHIPPER,1,False,IS REY,
k36_45R1_40_LEASED,2025,8,DK AAR,133,FO THO,190,45R1,40.0,LEASED,9,False,FO THO,ONEWAY
k37_45U1_40_CARRIER,2025,8,DK AAR,133,FO THO,190,45U1,40.0,CARRIER,1,False,FO THO,PURCHASE_AGREEMENT
k38_42P3_40_CARRIER,2025,8,DK AAR,133,FO THO,190,42P3,40.0,CARRIER,1,False,FO THO,PURCHASE_AGREEMENT
k39_45R1_40_CARRIER,2025,8,DK AAR,133,FO THO,190,45R1,40.0,CARRIER,1,False,FO THO,PURCHASE_AGREEMENT
k40_45R1_40_SHIPPER,2025,8,DK AAR,133,FO THO,190,45R1,40.0,SHIPPER,1,False,FO THO,
k41_45R1_40_LEASED,2025,8,DK AAR,133,FO THO,190,45R1,40.0,LEASED,2,False,FO THO,ONEWAY
k42_45G1_40_LEASED,2025,8,DK AAR,95,IS REY,175,45G1,40.0,LEASED,2,False,IS REY,ONEWAY
k43_45G1_40_CARRIER,2025,8,DK AAR,95,IS REY,175,45G1,40.0,CARRIER,5,False,IS REY,PURCHASE_AGREEMENT
k44_45U1_40_CARRIER,2025,8,DK AAR,95,IS REY,175,45U1,40.0,CARRIER,1,False,IS REY,PURCHASE_AGREEMENT
k45_4EG1_40_CARRIER,2025,8,DK AAR,95,IS REY,175,4EG1,40.0,CARRIER,1,False,IS REY,PURCHASE_AGREEMENT
k46_45G1_40_CARRIER,2025,8,DK AAR,95,US PWM,546,45G1,40.0,CARRIER,1,False,US PWM,PURCHASE_AGREEMENT
k47_45G1_40_CARRIER,2025,8,DK AAR,133,IS REY,232,45G1,40.0,CARRIER,1,False,IS REY,PURCHASE_AGREEMENT
k48_22G1_20_CARRIER,2025,8,DK AAR,95,IS REY,175,22G1,20.0,CARRIER,1,False,IS REY,CABOTAGE
k49_45G1_40_CARRIER,2025,8,DK AAR,95,IS REY,175,45G1,40.0,CARRIER,4,False,IS REY,LONG
k50_22G1_20_CARRIER,2025,8,DK AAR,95,IS REY,175,22G1,20.0,CARRIER,1,False,IS REY,LONG
k51_4EG1_40_CARRIER,2025,8,DK AAR,133,IS RFJ,423,4EG1,40.0,CARRIER,1,False,IS RFJ,LONG
k52_4EG1_40_CARRIER,2025,8,DK AAR,95,IS RFJ,250,4EG1,40.0,CARRIER,1,False,IS RFJ,LONG
k53_42U1_40_CARRIER,2025,8,DK AAR,95,IS REY,175,42U1,40.0,CARRIER,1,False,IS REY,LONG
k54_45R1_40_CARRIER,2025,8,DK AAR,133,IS REY,232,45R1,40.0,CARRIER,1,False,IS REY,PURCHASE_AGREEMENT
k55_45R1_40_CARRIER,2025,8,DK AAR,95,IS REY,175,45R1,40.0,CARRIER,4,False,IS REY,PURCHASE_AGREEMENT
k56_45R1_40_CARRIER,2025,8,DK AAR,95,US PWM,546,45R1,40.0,CARRIER,2,False,US PWM,LONG
k57_45R1_40_CARRIER,2025,8,DK AAR,95,IS REY,175,45R1,40.0,CARRIER,2,False,IS REY,LONG
k58_45G1_40_LEASED,2025,8,DK AAR,95,IS REY,175,45G1,40.0,LEASED,1,False,IS REY,ONEWAY
k59_22G1_20_LEASED,2025,8,DK AAR,95,IS REY,175,22G1,20.0,LEASED,1,False,IS REY,ONEWAY
k60_45R1_40_LEASED,2025,8,DK AAR,95,IS REY,175,45R1,40.0,LEASED,1,False,IS REY,MASTER
k61_45G1_40_CARRIER,2025,8,FO THO,164,DE BRV,209,45G1,40.0,CARRIER,1,False,DE BRV,LONG
k62_45R1_40_CARRIER,2025,8,FO THO,164,DE BRV,209,45R1,40.0,CARRIER,1,False,DE BRV,PURCHASE_AGREEMENT
k63_42U1_40_CARRIER,2025,8,FO THO,164,DK AAR,272,42U1,40.0,CARRIER,1,False,DK AAR,PURCHASE_AGREEMENT
k64_45U1_40_CARRIER,2025,8,FO THO,164,DK AAR,272,45U1,40.0,CARRIER,1,False,DK AAR,PURCHASE_AGREEMENT
k65_45G1_40_CARRIER,2025,8,FO THO,164,DK AAR,272,45G1,40.0,CARRIER,1,False,DK AAR,PURCHASE_AGREEMENT
k66_45G1_40_CARRIER,2025,8,FO THO,164,DK AAR,272,45G1,40.0,CARRIER,1,False,DK AAR,LONG
k67_45R1_40_CARRIER,2025,8,FO THO,164,DK AAR,272,45R1,40.0,CARRIER,1,False,DK AAR,PURCHASE_AGREEMENT
k68_45G1_40_LEASED,2025,8,FO THO,164,DK AAR,272,45G1,40.0,LEASED,1,False,DK AAR,ONEWAY
k69_22G1_20_LEASED,2025,8,FO THO,164,DK AAR,272,22G1,20.0,LEASED,3,False,DK AAR,MASTER
k70_45R1_40_CARRIER,2025,8,FO THO,116,GB IMM,162,45R1,40.0,CARRIER,1,False,GB IMM,PURCHASE_AGREEMENT
k71_45G1_40_CARRIER,2025,8,FO THO,135,IS REY,176,45G1,40.0,CARRIER,1,False,IS REY,PURCHASE_AGREEMENT
k72_22G1_20_CARRIER,2025,8,FO THO,135,CA NWP,667,22G1,20.0,CARRIER,1,False,CA NWP,LONG
k73_45R1_40_CARRIER,2025,8,FO THO,135,US PWM,546,45R1,40.0,CARRIER,1,False,US PWM,LONG
k74_45R1_40_LEASED,2025,8,FO THO,135,IS RFJ,250,45R1,40.0,LEASED,1,False,IS RFJ,ONEWAY
k75_45P3_40_CARRIER,2025,8,FO THO,164,SE HEL,257,45P3,40.0,CARRIER,1,False,SE HEL,LONG
k76_22G1_20_LEASED,2025,8,FO THO,164,SE HEL,257,22G1,20.0,LEASED,1,False,SE HEL,PURCHASE
k77_45G1_40_CARRIER,2025,8,GB IMM,28,FO THO,190,45G1,40.0,CARRIER,1,False,FO THO,PURCHASE_AGREEMENT
k78_45R1_40_CARRIER,2025,8,GB IMM,28,US PWM,546,45R1,40.0,CARRIER,1,False,US PWM,PURCHASE_AGREEMENT
k79_42P3_40_CARRIER,2025,8,GB TEE,93,IS VES,416,42P3,40.0,CARRIER,1,False,IS VES,PURCHASE_AGREEMENT
k80_22G1_20_CARRIER,2025,8,GB TEE,93,CA HAL,595,22G1,20.0,CARRIER,1,False,CA HAL,PURCHASE_AGREEMENT
k81_22G1_20_CARRIER,2025,8,GB TEE,93,CA HAL,694,22G1,20.0,CARRIER,1,False,CA HAL,LONG
k82_45R1_40_CARRIER,2025,8,GB TEE,93,IS REY,157,45R1,40.0,CARRIER,1,False,IS REY,PURCHASE_AGREEMENT
k83_45G1_40_LEASED,2025,8,GB TEE,93,IS REY,157,45G1,40.0,LEASED,1,False,IS REY,ONEWAY
k84_45P3_40_CARRIER,2025,8,IS GRT,402,IS REY,404,45P3,40.0,CARRIER,1,True,SE HEL,PURCHASE_AGREEMENT
k85_22G1_20_CARRIER,2025,8,IS GRT,402,IS REY,404,22G1,20.0,CARRIER,1,True,US PWM,LONG
k86_45P3_40_CARRIER,2025,8,IS GRT,402,IS REY,404,45P3,40.0,CARRIER,3,True,SE HEL,LONG
k87_22G1_20_LEASED,2025,8,IS GRT,402,IS REY,404,22G1,20.0,LEASED,1,True,US PWM,MASTER
k88_45P3_40_CARRIER,2025,8,IS GRT,402,NL RTM,498,45P3,40.0,CARRIER,7,False,NL RTM,PURCHASE_AGREEMENT
k89_42P3_40_LEASED,2025,8,IS GRT,402,NL RTM,498,42P3,40.0,LEASED,4,False,NL RTM,MASTER
k90_22G1_20_LEASED,2025,8,IS GRT,402,NL RTM,498,22G1,20.0,LEASED,2,False,NL RTM,MASTER
k91_22G1_20_LEASED,2025,8,IS GRT,402,NL RTM,498,22G1,20.0,LEASED,1,False,NL RTM,PURCHASE
k92_45G1_40_LEASED,2025,8,IS REY,76,DE BRV,209,45G1,40.0,LEASED,1,False,DE BRV,ONEWAY
k93_4EG1_40_SHIPPER,2025,8,IS REY,76,DE BRV,209,4EG1,40.0,SHIPPER,1,False,DE BRV,
k94_22K0_20_CARRIER,2025,8,IS REY,63,GB IMM,162,22K0,20.0,CARRIER,1,False,GB IMM,LONG
k95_45R1_40_CARRIER,2025,8,IS REY,63,GB IMM,162,45R1,40.0,CARRIER,8,False,GB IMM,PURCHASE_AGREEMENT
k96_45R1_40_LEASED,2025,8,IS REY,76,IS RFJ,100,45R1,40.0,LEASED,5,False,IS RFJ,ONEWAY
k97_45G1_40_LEASED,2025,8,IS REY,76,IS RFJ,100,45G1,40.0,LEASED,1,False,IS RFJ,MASTER
k98_45R1_40_CARRIER,2025,8,IS REY,63,IS VES,73,45R1,40.0,CARRIER,2,False,IS VES,LONG
k99_22G1_20_CARRIER,2025,8,IS REY,92,NL RTM,163,22G1,20.0,CARRIER,1,False,NL RTM,LONG
k100_LNRB_45_CARRIER,2025,8,IS REY,92,NL RTM,163,LNRB,45.0,CARRIER,1,False,NL RTM,PURCHASE_AGREEMENT
k101_45R1_40_CARRIER,2025,8,IS REY,92,NL RTM,163,45R1,40.0,CARRIER,7,False,NL RTM,PURCHASE_AGREEMENT
k102_LNRB_45_CARRIER,2025,8,IS REY,92,NL RTM,163,LNRB,45.0,CARRIER,1,False,NL RTM,LONG
k103_45R1_40_CARRIER,2025,8,IS REY,92,NL RTM,163,45R1,40.0,CARRIER,7,False,NL RTM,LONG
k104_22K0_20_SHIPPER,2025,8,IS REY,92,NL RTM,163,22K0,20.0,SHIPPER,1,False,NL RTM,
k105_45G1_40_CARRIER,2025,8,IS REY,63,NO FRK,223,45G1,40.0,CARRIER,1,False,NO FRK,PURCHASE_AGREEMENT
k106_22G1_20_CARRIER,2025,8,IS REY,63,NO FRK,223,22G1,20.0,CARRIER,1,False,NO FRK,LONG
k107_42U1_40_CARRIER,2025,8,IS REY,63,NO FRK,223,42U1,40.0,CARRIER,1,False,NO FRK,LONG
k108_45R1_40_CARRIER,2025,8,IS REY,63,NO FRK,223,45R1,40.0,CARRIER,1,False,NO FRK,PURCHASE_AGREEMENT
k109_45R1_40_CARRIER,2025,8,IS REY,63,NO FRK,223,45R1,40.0,CARRIER,1,False,NO FRK,LONG
k110_42P3_40_LEASED,2025,8,IS REY,63,NO FRK,223,42P3,40.0,LEASED,1,False,NO FRK,MASTER
k111_4EG1_40_CARRIER,2025,8,IS REY,109,US PWM,272,4EG1,40.0,CARRIER,2,False,US PWM,PURCHASE_AGREEMENT
k112_22G1_20_CARRIER,2025,8,IS REY,109,US PWM,272,22G1,20.0,CARRIER,1,False,US PWM,LONG
k113_45G1_40_CARRIER,2025,8,IS REY,109,US PWM,272,45G1,40.0,CARRIER,16,False,US PWM,LONG
k114_45R1_40_CARRIER,2025,8,IS REY,109,US PWM,272,45R1,40.0,CARRIER,2,False,US PWM,PURCHASE_AGREEMENT
k115_45R1_40_CARRIER,2025,8,IS RFJ,106,DK AAR,272,45R1,40.0,CARRIER,1,False,DK AAR,LONG
k116_45G1_40_CARRIER,2025,8,IS RFJ,106,IS REY,176,45G1,40.0,CARRIER,1,False,IS REY,PURCHASE_AGREEMENT
k117_4EG1_40_CARRIER,2025,8,IS RFJ,106,IS REY,176,4EG1,40.0,CARRIER,1,False,IS REY,LONG
k118_45R1_40_CARRIER,2025,8,IS VES,76,GB IMM,162,45R1,40.0,CARRIER,1,False,GB IMM,LONG
k119_22G1_20_CARRIER,2025,8,NL RTM,66,IS GRT,200,22G1,20.0,CARRIER,25,False,IS GRT,PURCHASE_AGREEMENT
k120_22G1_20_LEASED,2025,8,NL RTM,66,IS GRT,200,22G1,20.0,LEASED,1,False,IS GRT,ONEWAY
k121_22GB_20_LEASED,2025,8,NL RTM,66,IS GRT,200,22GB,20.0,LEASED,2,False,IS GRT,MASTER
k122_45G1_40_CARRIER,2025,8,NL RTM,66,IS REY,157,45G1,40.0,CARRIER,8,False,IS REY,PURCHASE_AGREEMENT
k123_45G1_40_CARRIER,2025,8,NL RTM,66,US PWM,546,45G1,40.0,CARRIER,1,False,US PWM,CABOTAGE
k124_22G1_20_CARRIER,2025,8,NL RTM,66,FO THO,278,22G1,20.0,CARRIER,1,False,FO THO,CABOTAGE
k125_45G1_40_CARRIER,2025,8,NL RTM,66,IS REY,157,45G1,40.0,CARRIER,9,False,IS REY,LONG
k126_45P3_40_CARRIER,2025,8,NL RTM,66,IS REY,157,45P3,40.0,CARRIER,2,False,IS REY,LONG
k127_42P3_40_CARRIER,2025,8,NL RTM,66,IS REY,157,42P3,40.0,CARRIER,1,False,IS REY,LONG
k128_45R1_40_CARRIER,2025,8,NL RTM,66,IS REY,157,45R1,40.0,CARRIER,3,False,IS REY,PURCHASE_AGREEMENT
k129_45R1_40_CARRIER,2025,8,NL RTM,66,CA HAL,595,45R1,40.0,CARRIER,1,False,CA HAL,PURCHASE_AGREEMENT
k130_45R1_40_CARRIER,2025,8,NL RTM,66,IS GRT,382,45R1,40.0,CARRIER,1,False,IS GRT,LONG
k131_45R1_40_CARRIER,2025,8,NL RTM,66,IS VES,248,45R1,40.0,CARRIER,1,False,IS VES,LONG
k132_45G1_40_LEASED,2025,8,NL RTM,66,IS REY,157,45G1,40.0,LEASED,1,False,IS REY,MASTER
k133_45G1_40_LEASED,2025,8,NL RTM,66,IS RFJ,250,45G1,40.0,LEASED,1,False,IS RFJ,ONEWAY
k134_42G1_40_LEASED,2025,8,NL RTM,66,IS REY,157,42G1,40.0,LEASED,1,False,IS REY,ONEWAY
k135_45R1_40_LEASED,2025,8,NL RTM,66,IS REY,157,45R1,40.0,LEASED,1,False,IS REY,ONEWAY
k136_22R1_20_LEASED,2025,8,NL RTM,66,IS REY,157,22R1,20.0,LEASED,2,False,IS REY,PURCHASE
k137_45G1_40_CARRIER,2025,8,PL SWI,104,IS REY,232,45G1,40.0,CARRIER,1,False,IS REY,CABOTAGE
k138_45R1_40_CARRIER,2025,8,PL SWI,104,IS REY,232,45R1,40.0,CARRIER,1,True,CA NWP,LONG
k139_22G1_20_CARRIER,2025,8,SE HEL,71,IS REY,175,22G1,20.0,CARRIER,1,False,IS REY,PURCHASE_AGREEMENT
k140_45G1_40_CARRIER,2025,8,SE HEL,71,US PWM,546,45G1,40.0,CARRIER,3,False,US PWM,PURCHASE_AGREEMENT
k141_45G1_40_CARRIER,2025,8,SE HEL,71,IS REY,175,45G1,40.0,CARRIER,1,False,IS REY,LONG
k142_22G1_20_CARRIER,2025,8,SE HEL,71,IS REY,175,22G1,20.0,CARRIER,1,False,IS REY,LONG
k143_45G1_40_CARRIER,2025,8,SE HEL,71,IS REY,175,45G1,40.0,CARRIER,2,False,IS REY,LONG
k144_42P3_40_LEASED,2025,8,SE HEL,71,IS REY,175,42P3,40.0,LEASED,1,False,IS REY,MASTER
k145_22G1_20_LEASED,2025,8,SE HEL,71,IS REY,175,22G1,20.0,LEASED,1,False,IS REY,MASTER
k146_42G1_40_LEASED,2025,8,SE HEL,71,IS REY,175,42G1,40.0,LEASED,1,False,IS REY,MASTER
k147_45G1_40_LEASED,2025,8,SE HEL,71,IS REY,175,45G1,40.0,LEASED,1,False,IS REY,PURCHASE
k148_45R1_40_LEASED,2025,8,US PWM,132,IS REY,420,45R1,40.0,LEASED,1,False,IS REY,ONEWAY
k149_22G1_20_CARRIER,2025,8,US PWM,132,IS REY,420,22G1,20.0,CARRIER,1,True,DK AAR,LONG
k150_45G1_40_CARRIER,2025,8,US PWM,132,IS REY,420,45G1,40.0,CARRIER,1,True,GB IMM,LONG
k151_45G1_40_CARRIER,2025,8,US PWM,132,IS REY,420,45G1,40.0,CARRIER,3,True,PL SWI,LONG
k152_45R1_40_CARRIER,2025,8,US PWM,132,IS REY,420,45R1,40.0,CARRIER,1,False,IS REY,PURCHASE_AGREEMENT
k153_45G1_40_LEASED,2025,9,CA NWP,226,IS REY,420,45G1,40.0,LEASED,1,False,IS REY,ONEWAY
k154_22G1_20_CARRIER,2025,9,CA NWP,226,IS REY,420,22G1,20.0,CARRIER,3,True,DK AAR,CABOTAGE
k155_45G1_40_CARRIER,2025,9,DE BRV,220,IS REY,387,45G1,40.0,CARRIER,1,False,IS REY,PURCHASE_AGREEMENT
k156_45G1_40_CARRIER,2025,9,DE BRV,220,US PWM,630,45G1,40.0,CARRIER,6,False,US PWM,PURCHASE_AGREEMENT
k157_22G1_20_CARRIER,2025,9,DE BRV,220,US PWM,630,22G1,20.0,CARRIER,1,False,US PWM,PURCHASE_AGREEMENT
k158_45G1_40_CARRIER,2025,9,DE BRV,220,US PWM,630,45G1,40.0,CARRIER,1,False,US PWM,CABOTAGE
k159_45G1_40_CARRIER,2025,9,DE BRV,220,IS REY,387,45G1,40.0,CARRIER,2,False,IS REY,LONG
k160_4EG1_40_CARRIER,2025,9,DE BRV,220,IS REY,387,4EG1,40.0,CARRIER,1,False,IS REY,LONG
k161_22G1_20_CARRIER,2025,9,DE BRV,220,US PWM,630,22G1,20.0,CARRIER,1,False,US PWM,LONG
k162_45R1_40_CARRIER,2025,9,DE BRV,220,CA HAL,694,45R1,40.0,CARRIER,1,False,CA HAL,LONG
k163_45R1_40_CARRIER,2025,9,DE BRV,220,IS REY,387,45R1,40.0,CARRIER,1,False,IS REY,CABOTAGE
k164_45R1_40_LEASED,2025,9,DE BRV,220,IS REY,387,45R1,40.0,LEASED,1,False,IS REY,ONEWAY
k165_45R1_40_LEASED,2025,9,DK AAR,289,FO THO,335,45R1,40.0,LEASED,4,False,FO THO,ONEWAY
k166_42P3_40_CARRIER,2025,9,DK AAR,289,FO THO,335,42P3,40.0,CARRIER,4,False,FO THO,PURCHASE_AGREEMENT
k167_42P3_40_CARRIER,2025,9,DK AAR,280,FO THO,332,42P3,40.0,CARRIER,1,False,FO THO,PURCHASE_AGREEMENT
k168_22B0_20_CARRIER,2025,9,DK AAR,289,FO THO,335,22B0,20.0,CARRIER,4,False,FO THO,PURCHASE_AGREEMENT
k169_45P3_40_CARRIER,2025,9,DK AAR,280,FO THO,332,45P3,40.0,CARRIER,1,False,FO THO,PURCHASE_AGREEMENT
k170_4EG1_40_CARRIER,2025,9,DK AAR,289,FO THO,335,4EG1,40.0,CARRIER,1,False,FO THO,PURCHASE_AGREEMENT
k171_42P3_40_CARRIER,2025,9,DK AAR,280,FO THO,332,42P3,40.0,CARRIER,3,False,FO THO,LONG
k172_45G1_40_CARRIER,2025,9,DK AAR,289,FO THO,335,45G1,40.0,CARRIER,2,False,FO THO,LONG
k173_45R1_40_LEASED,2025,9,DK AAR,280,FO THO,332,45R1,40.0,LEASED,5,False,FO THO,ONEWAY
k174_45R1_40_LEASED,2025,9,DK AAR,289,FO THO,335,45R1,40.0,LEASED,1,False,FO THO,ONEWAY
k175_4EG1_40_CARRIER,2025,9,DK AAR,289,IS REY,387,4EG1,40.0,CARRIER,1,False,IS REY,PURCHASE_AGREEMENT
k176_45G1_40_CARRIER,2025,9,DK AAR,289,IS REY,387,45G1,40.0,CARRIER,8,False,IS REY,PURCHASE_AGREEMENT
k177_42P3_40_CARRIER,2025,9,DK AAR,289,IS REY,387,42P3,40.0,CARRIER,2,False,IS REY,LONG
k178_45U1_40_CARRIER,2025,9,DK AAR,289,IS REY,387,45U1,40.0,CARRIER,1,False,IS REY,LONG
k179_45G1_40_CARRIER,2025,9,DK AAR,289,IS REY,387,45G1,40.0,CARRIER,15,False,IS REY,LONG
k180_4EG1_40_CARRIER,2025,9,DK AAR,289,IS REY,387,4EG1,40.0,CARRIER,4,False,IS REY,LONG
k181_45G1_40_LEASED,2025,9,DK AAR,289,IS REY,387,45G1,40.0,LEASED,2,False,IS REY,MASTER
k182_22G1_20_LEASED,2025,9,DK AAR,289,IS REY,387,22G1,20.0,LEASED,1,False,IS REY,ONEWAY
k183_42G1_40_LEASED,2025,9,DK AAR,289,IS REY,387,42G1,40.0,LEASED,1,False,IS REY,ONEWAY
k184_LNRB_45_CARRIER,2025,9,FO THO,290,DE BRV,341,LNRB,45.0,CARRIER,1,False,DE BRV,PURCHASE_AGREEMENT
k185_45R1_40_CARRIER,2025,9,FO THO,290,DE BRV,341,45R1,40.0,CARRIER,1,False,DE BRV,LONG
k186_LNRB_45_CARRIER,2025,9,FO THO,290,DE BRV,341,LNRB,45.0,CARRIER,1,False,DE BRV,LONG
k187_45G1_40_LEASED,2025,9,FO THO,290,DK AAR,414,45G1,40.0,LEASED,1,False,DK AAR,ONEWAY
k188_45R1_40_CARRIER,2025,9,FO THO,116,US PWM,630,45R1,40.0,CARRIER,4,False,US PWM,LONG
k189_45R1_40_CARRIER,2025,9,FO THO,285,PL SWI,390,45R1,40.0,CARRIER,4,False,PL SWI,PURCHASE_AGREEMENT
k190_45G1_40_CARRIER,2025,9,GB IMM,339,FO THO,496,45G1,40.0,CARRIER,1,False,FO THO,PURCHASE_AGREEMENT
k191_22G1_20_CARRIER,2025,9,GB IMM,176,FO THO,332,22G1,20.0,CARRIER,1,False,FO THO,LONG
k192_45R1_40_CARRIER,2025,9,GB IMM,176,FO THO,332,45R1,40.0,CARRIER,1,False,FO THO,PURCHASE_AGREEMENT
k193_22K0_20_CARRIER,2025,9,GB IMM,176,IS REY,404,22K0,20.0,CARRIER,1,False,IS REY,LONG
k194_45R1_40_CARRIER,2025,9,GB IMM,339,IS REY,539,45R1,40.0,CARRIER,1,False,IS REY,PURCHASE_AGREEMENT
k195_45R1_40_CARRIER,2025,9,GB IMM,176,CA HAL,694,45R1,40.0,CARRIER,1,False,CA HAL,LONG
k196_45R1_40_CARRIER,2025,9,GB IMM,176,IS REY,404,45R1,40.0,CARRIER,1,False,IS REY,
k197_45U1_40_CARRIER,2025,9,GB TEE,257,SE HEL,558,45U1,40.0,CARRIER,1,False,SE HEL,LONG
k198_45G1_40_CARRIER,2025,9,GB TEE,257,IS REY,367,45G1,40.0,CARRIER,5,False,IS REY,LONG
k199_22G1_20_CARRIER,2025,9,GB TEE,257,CA HAL,694,22G1,20.0,CARRIER,1,False,CA HAL,LONG
k200_45R1_40_CARRIER,2025,9,GB TEE,257,IS REY,367,45R1,40.0,CARRIER,2,False,IS REY,PURCHASE_AGREEMENT
k201_22G1_20_LEASED,2025,9,GB TEE,257,IS REY,367,22G1,20.0,LEASED,1,False,IS REY,MASTER
k202_45R1_40_CARRIER,2025,9,IS REY,407,IS VES,416,45R1,40.0,CARRIER,1,False,IS VES,PURCHASE_AGREEMENT
k203_45R1_40_CARRIER,2025,9,IS REY,400,DE BRV,502,45R1,40.0,CARRIER,1,False,DE BRV,LONG
k204_45R1_40_CARRIER,2025,9,IS REY,407,GB IMM,497,45R1,40.0,CARRIER,1,False,GB IMM,LONG
k205_22K0_20_SHIPPER,2025,9,IS REY,407,NO FRK,558,22K0,20.0,SHIPPER,1,False,NO FRK,
k206_45R1_40_CARRIER,2025,9,IS REY,428,NL RTM,498,45R1,40.0,CARRIER,1,False,NL RTM,PURCHASE_AGREEMENT
k207_45G1_40_LEASED,2025,9,IS REY,407,DK AAR,586,45G1,40.0,LEASED,1,False,DK AAR,ONEWAY
k208_22G1_20_CARRIER,2025,9,IS REY,448,US PWM,630,22G1,20.0,CARRIER,1,False,US PWM,LONG
k209_45R1_40_CARRIER,2025,9,IS REY,407,GB IMM,497,45R1,40.0,CARRIER,1,False,GB IMM,PURCHASE_AGREEMENT
k210_45R1_40_CARRIER,2025,9,IS REY,400,DK AAR,582,45R1,40.0,CARRIER,1,False,DK AAR,LONG
k211_22G1_20_CARRIER,2025,9,IS REY,348,CA NWP,667,22G1,20.0,CARRIER,1,False,CA NWP,PURCHASE_AGREEMENT
k212_22G1_20_CARRIER,2025,9,IS REY,348,CA NWP,667,22G1,20.0,CARRIER,1,False,CA NWP,LONG
k213_45G1_40_CARRIER,2025,9,IS REY,348,CA NWP,667,45G1,40.0,CARRIER,1,False,CA NWP,LONG
k214_L5G1_45_LEASED,2025,9,IS REY,230,DE BRV,341,L5G1,45.0,LEASED,1,False,DE BRV,ONEWAY
k215_45G1_40_LEASED,2025,9,IS REY,230,DE BRV,341,45G1,40.0,LEASED,1,False,DE BRV,ONEWAY
k216_22G1_20_LEASED,2025,9,IS REY,230,DE BRV,341,22G1,20.0,LEASED,1,False,DE BRV,ONEWAY
k217_45G1_40_CARRIER,2025,9,IS REY,230,DE BRV,341,45G1,40.0,CARRIER,2,False,DE BRV,PURCHASE_AGREEMENT
k218_22G1_20_CARRIER,2025,9,IS REY,230,DE BRV,341,22G1,20.0,CARRIER,1,False,DE BRV,CABOTAGE
k219_45R1_40_CARRIER,2025,9,IS REY,230,DE BRV,341,45R1,40.0,CARRIER,1,False,DE BRV,LONG
k220_42P3_40_LEASED,2025,9,IS REY,230,DE BRV,341,42P3,40.0,LEASED,1,False,DE BRV,MASTER
k221_45R1_40_CARRIER,2025,9,IS REY,230,DK AAR,414,45R1,40.0,CARRIER,1,False,DK AAR,PURCHASE_AGREEMENT
k222_45R1_40_CARRIER,2025,9,IS REY,230,DK AAR,414,45R1,40.0,CARRIER,1,False,DK AAR,LONG
k223_45G1_40_LEASED,2025,9,IS REY,230,DK AAR,414,45G1,40.0,LEASED,1,False,DK AAR,MASTER
k224_45R1_40_CARRIER,2025,9,IS REY,238,FO THO,278,45R1,40.0,CARRIER,1,False,FO THO,LONG
k225_22H5_20_CARRIER,2025,9,IS REY,238,GB IMM,329,22H5,20.0,CARRIER,1,False,GB IMM,PURCHASE_AGREEMENT
k226_45R1_40_CARRIER,2025,9,IS REY,238,GB IMM,329,45R1,40.0,CARRIER,7,False,GB IMM,LONG
k227_45R1_40_LEASED,2025,9,IS REY,230,IS RFJ,250,45R1,40.0,LEASED,1,False,IS RFJ,ONEWAY
k228_42U1_40_LEASED,2025,9,IS REY,258,NL RTM,330,42U1,40.0,LEASED,1,False,NL RTM,ONEWAY
k229_45G1_40_LEASED,2025,9,IS REY,258,NL RTM,330,45G1,40.0,LEASED,1,False,NL RTM,ONEWAY
k230_45G1_40_CARRIER,2025,9,IS REY,258,NL RTM,330,45G1,40.0,CARRIER,1,False,NL RTM,LONG
k231_45R1_40_CARRIER,2025,9,IS REY,258,NL RTM,330,45R1,40.0,CARRIER,4,False,NL RTM,PURCHASE_AGREEMENT
k232_45R1_40_CARRIER,2025,9,IS REY,258,NL RTM,330,45R1,40.0,CARRIER,2,False,NL RTM,LONG
k233_LNRB_45_CARRIER,2025,9,IS REY,258,NL RTM,330,LNRB,45.0,CARRIER,1,False,NL RTM,LONG
k234_42G1_40_LEASED,2025,9,IS REY,258,NL RTM,330,42G1,40.0,LEASED,1,False,NL RTM,MASTER
k235_42U1_40_CARRIER,2025,9,IS REY,230,SE HEL,391,42U1,40.0,CARRIER,1,False,SE HEL,PURCHASE_AGREEMENT
k236_45G1_40_CARRIER,2025,9,IS REY,230,SE HEL,391,45G1,40.0,CARRIER,1,False,SE HEL,CABOTAGE
k237_45R1_40_CARRIER,2025,9,IS REY,230,SE HEL,391,45R1,40.0,CARRIER,1,False,SE HEL,PURCHASE_AGREEMENT
k238_22G1_20_LEASED,2025,9,IS REY,230,SE HEL,391,22G1,20.0,LEASED,1,False,SE HEL,PURCHASE
k239_42P3_40_LEASED,2025,9,IS REY,230,SE HEL,391,42P3,40.0,LEASED,1,False,SE HEL,PURCHASE
k240_45R1_40_CARRIER,2025,9,IS RFJ,260,DE BRV,341,45R1,40.0,CARRIER,1,False,DE BRV,PURCHASE_AGREEMENT
k241_45R1_40_LEASED,2025,9,IS RFJ,260,DE BRV,341,45R1,40.0,LEASED,1,False,DE BRV,ONEWAY
k242_45R1_40_CARRIER,2025,9,IS RFJ,260,IS REY,404,45R1,40.0,CARRIER,1,False,IS REY,PURCHASE_AGREEMENT
k243_45G1_40_CARRIER,2025,9,IS REY,407,FO THO,448,45G1,40.0,CARRIER,1,False,FO THO,PURCHASE_AGREEMENT
k244_45G1_40_CARRIER,2025,9,IS REY,407,GB IMM,497,45G1,40.0,CARRIER,1,False,GB IMM,LONG
k245_45R1_40_CARRIER,2025,9,IS REY,407,GB IMM,497,45R1,40.0,CARRIER,1,False,GB IMM,PURCHASE_AGREEMENT
k246_45R1_40_CARRIER,2025,9,IS REY,400,DK AAR,582,45R1,40.0,CARRIER,1,False,DK AAR,LONG
k247_45R1_40_CARRIER,2025,9,IS REY,407,GB IMM,497,45R1,40.0,CARRIER,1,False,GB IMM,LONG
k248_45R1_40_CARRIER,2025,9,IS VES,250,IS REY,404,45R1,40.0,CARRIER,1,False,IS REY,PURCHASE_AGREEMENT
k249_45R1_40_CARRIER,2025,9,IS VES,250,PL SWI,390,45R1,40.0,CARRIER,1,False,PL SWI,PURCHASE_AGREEMENT
k250_22G1_20_CARRIER,2025,9,NL RTM,234,IS GRT,382,22G1,20.0,CARRIER,18,False,IS GRT,PURCHASE_AGREEMENT
k251_22G1_20_CARRIER,2025,9,NL RTM,234,IS GRT,382,22G1,20.0,CARRIER,1,False,IS GRT,CABOTAGE
k252_22G1_20_LEASED,2025,9,NL RTM,234,IS GRT,382,22G1,20.0,LEASED,1,False,IS GRT,MASTER
k253_42U1_40_CARRIER,2025,9,NL RTM,234,IS REY,367,42U1,40.0,CARRIER,1,False,IS REY,PURCHASE_AGREEMENT
k254_22U1_20_CARRIER,2025,9,NL RTM,234,IS REY,367,22U1,20.0,CARRIER,1,False,IS REY,PURCHASE_AGREEMENT
k255_22G1_20_CARRIER,2025,9,NL RTM,234,US PWM,630,22G1,20.0,CARRIER,1,False,US PWM,PURCHASE_AGREEMENT
k256_22G1_20_CARRIER,2025,9,NL RTM,234,IS REY,367,22G1,20.0,CARRIER,1,False,IS REY,PURCHASE_AGREEMENT
k257_45G1_40_CARRIER,2025,9,NL RTM,234,CA HAL,694,45G1,40.0,CARRIER,1,False,CA HAL,PURCHASE_AGREEMENT
k258_45G1_40_CARRIER,2025,9,NL RTM,234,IS REY,367,45G1,40.0,CARRIER,1,True,CA NWP,PURCHASE_AGREEMENT
k259_45G1_40_CARRIER,2025,9,NL RTM,234,US PWM,630,45G1,40.0,CARRIER,1,False,US PWM,CABOTAGE
k260_45G1_40_CARRIER,2025,9,NL RTM,234,IS REY,367,45G1,40.0,CARRIER,2,True,US PWM,LONG
k261_22G1_20_CARRIER,2025,9,NL RTM,234,FO THO,448,22G1,20.0,CARRIER,1,False,FO THO,LONG
k262_22G1_20_CARRIER,2025,9,NL RTM,234,IS REY,367,22G1,20.0,CARRIER,1,False,IS REY,LONG
k263_4EG1_40_CARRIER,2025,9,NL RTM,234,IS REY,367,4EG1,40.0,CARRIER,5,False,IS REY,LONG
k264_45G1_40_LEASED,2025,9,NL RTM,234,IS REY,367,45G1,40.0,LEASED,3,False,IS REY,ONEWAY
k265_22K0_20_SHIPPER,2025,9,NL RTM,234,IS REY,367,22K0,20.0,SHIPPER,1,False,IS REY,
k266_22R1_20_LEASED,2025,9,NL RTM,234,IS REY,367,22R1,20.0,LEASED,1,False,IS REY,PURCHASE
k267_22G1_20_LEASED,2025,9,NL RTM,234,IS REY,367,22G1,20.0,LEASED,1,False,IS REY,MASTER
k268_LNRB_45_LEASED,2025,9,NL RTM,234,IS REY,367,LNRB,45.0,LEASED,1,False,IS REY,PURCHASE
k269_22U1_20_SHIPPER,2025,9,NL RTM,234,FO THO,448,22U1,20.0,SHIPPER,1,False,FO THO,
k270_22G1_20_SHIPPER,2025,9,NL RTM,234,CA HAL,694,22G1,20.0,SHIPPER,1,False,CA HAL,
k271_22GB_20_SHIPPER,2025,9,NL RTM,234,US PWM,630,22GB,20.0,SHIPPER,1,False,US PWM,PURCHASE_AGREEMENT
k272_45R1_40_CARRIER,2025,9,NO FRK,233,FO THO,332,45R1,40.0,CARRIER,1,False,FO THO,LONG
k273_45G1_40_CARRIER,2025,9,NO FRK,233,IS REY,404,45G1,40.0,CARRIER,2,False,IS REY,CABOTAGE
k274_22G1_20_CARRIER,2025,9,SE HEL,267,FO THO,335,22G1,20.0,CARRIER,1,False,FO THO,CABOTAGE
k275_45R1_40_CARRIER,2025,9,SE HEL,267,FO THO,335,45R1,40.0,CARRIER,1,False,FO THO,PURCHASE_AGREEMENT
k276_22G1_20_CARRIER,2025,9,SE HEL,267,IS REY,387,22G1,20.0,CARRIER,1,False,IS REY,PURCHASE_AGREEMENT
k277_45G1_40_CARRIER,2025,9,SE HEL,267,IS REY,387,45G1,40.0,CARRIER,1,False,IS REY,PURCHASE_AGREEMENT
k278_45P3_40_CARRIER,2025,9,SE HEL,267,IS REY,387,45P3,40.0,CARRIER,1,False,IS REY,LONG
k279_4EG1_40_CARRIER,2025,9,SE HEL,267,IS REY,387,4EG1,40.0,CARRIER,4,False,IS REY,LONG
k280_45R1_40_CARRIER,2025,9,SE HEL,267,IS REY,387,45R1,40.0,CARRIER,1,True,IS GRT,PURCHASE_AGREEMENT
k281_45R1_40_CARRIER,2025,9,SE HEL,267,IS REY,387,45R1,40.0,CARRIER,3,False,IS REY,PURCHASE_AGREEMENT
k282_45R1_40_CARRIER,2025,9,SE HEL,267,IS REY,387,45R1,40.0,CARRIER,1,False,IS REY,LONG
k283_45G1_40_LEASED,2025,9,SE HEL,267,IS REY,387,45G1,40.0,LEASED,1,False,IS REY,MASTER
k284_45G1_40_LEASED,2025,9,SE HEL,267,US PWM,630,45G1,40.0,LEASED,1,False,US PWM,PURCHASE
k285_22R1_20_LEASED,2025,9,SE HEL,267,IS REY,387,22R1,20.0,LEASED,1,False,IS REY,PURCHASE
k286_45G1_40_CARRIER,2025,9,US PWM,325,IS REY,479,45G1,40.0,CARRIER,1,True,GB IMM,CABOTAGE
k287_45G1_40_CARRIER,2025,9,US PWM,325,IS REY,479,45G1,40.0,CARRIER,1,False,IS REY,CABOTAGE
k288_45G1_40_CARRIER,2025,9,US PWM,325,IS REY,479,45G1,40.0,CARRIER,1,True,DE BRV,CABOTAGE
k289_22G1_20_CARRIER,2025,9,US PWM,325,IS REY,479,22G1,20.0,CARRIER,1,False,IS REY,LONG
k290_45R1_40_CARRIER,2025,9,US PWM,325,IS REY,479,45R1,40.0,CARRIER,1,True,GB IMM,LONG
k291_45G1_40_CARRIER,2025,10,DE BRV,356,IS REY,511,45G1,40.0,CARRIER,1,False,IS REY,PURCHASE_AGREEMENT
k292_45G1_40_CARRIER,2025,10,DE BRV,356,IS REY,511,45G1,40.0,CARRIER,1,False,IS REY,CABOTAGE
k293_22G1_20_CARRIER,2025,10,DE BRV,356,IS REY,511,22G1,20.0,CARRIER,1,False,IS REY,CABOTAGE
k294_42P3_40_CARRIER,2025,10,DE BRV,356,IS REY,511,42P3,40.0,CARRIER,1,False,IS REY,LONG
k295_45G1_40_CARRIER,2025,10,DE BRV,356,IS REY,511,45G1,40.0,CARRIER,6,True,US PWM,LONG
k296_45R1_40_CARRIER,2025,10,DE BRV,356,IS REY,511,45R1,40.0,CARRIER,1,True,US PWM,LONG
k297_42P3_40_LEASED,2025,10,DE BRV,356,IS REY,511,42P3,40.0,LEASED,1,False,IS REY,MASTER
k298_22G1_20_LEASED,2025,10,DE BRV,356,IS REY,511,22G1,20.0,LEASED,1,False,IS REY,ONEWAY
k299_45G1_40_LEASED,2025,10,DE BRV,356,IS REY,511,45G1,40.0,LEASED,1,False,IS REY,ONEWAY
k300_4EG1_40_CARRIER,2025,10,DK AAR,446,FO THO,496,4EG1,40.0,CARRIER,1,False,FO THO,PURCHASE_AGREEMENT
k301_42P3_40_CARRIER,2025,10,DK AAR,446,FO THO,496,42P3,40.0,CARRIER,1,False,FO THO,PURCHASE_AGREEMENT
k302_45P3_40_CARRIER,2025,10,DK AAR,446,FO THO,496,45P3,40.0,CARRIER,1,False,FO THO,LONG
k303_45G1_40_CARRIER,2025,10,DK AAR,446,FO THO,496,45G1,40.0,CARRIER,8,False,FO THO,LONG
k304_45R1_40_CARRIER,2025,10,DK AAR,446,FO THO,496,45R1,40.0,CARRIER,2,False,FO THO,LONG
k305_45G1_40_SHIPPER,2025,10,DK AAR,446,FO THO,496,45G1,40.0,SHIPPER,1,False,FO THO,
k306_42P3_40_CARRIER,2025,10,DK AAR,434,IS REY,511,42P3,40.0,CARRIER,1,False,IS REY,PURCHASE_AGREEMENT
k307_45G1_40_CARRIER,2025,10,DK AAR,446,IS REY,539,45G1,40.0,CARRIER,1,False,IS REY,PURCHASE_AGREEMENT
k308_22G1_20_CARRIER,2025,10,DK AAR,434,IS REY,511,22G1,20.0,CARRIER,1,False,IS REY,PURCHASE_AGREEMENT
k309_22G1_20_CARRIER,2025,10,DK AAR,434,IS REY,511,22G1,20.0,CARRIER,1,False,IS REY,CABOTAGE
k310_22K0_20_CARRIER,2025,10,DK AAR,434,IS REY,511,22K0,20.0,CARRIER,1,False,IS REY,LONG
k311_45G1_40_CARRIER,2025,10,DK AAR,434,IS REY,511,45G1,40.0,CARRIER,8,False,IS REY,LONG
k312_45G1_40_CARRIER,2025,10,DK AAR,446,IS REY,539,45G1,40.0,CARRIER,1,False,IS REY,LONG
k313_45R1_40_CARRIER,2025,10,DK AAR,434,IS REY,511,45R1,40.0,CARRIER,1,True,US PWM,PURCHASE_AGREEMENT
k314_22K0_20_SHIPPER,2025,10,DK AAR,446,IS REY,539,22K0,20.0,SHIPPER,1,False,IS REY,
k315_LNRB_45_CARRIER,2025,10,FO THO,455,DE BRV,502,LNRB,45.0,CARRIER,1,False,DE BRV,PURCHASE_AGREEMENT
k316_45G1_40_LEASED,2025,10,FO THO,455,DK AAR,582,45G1,40.0,LEASED,1,False,DK AAR,ONEWAY
k317_45R1_40_LEASED,2025,10,FO THO,455,DK AAR,582,45R1,40.0,LEASED,1,False,DK AAR,ONEWAY
k318_45R1_40_CARRIER,2025,10,FO THO,454,GB IMM,497,45R1,40.0,CARRIER,2,False,GB IMM,LONG
k319_45P3_40_CARRIER,2025,10,FO THO,285,IS REY,539,45P3,40.0,CARRIER,1,True,CA NWP,PURCHASE_AGREEMENT
k320_45U1_40_CARRIER,2025,10,FO THO,285,IS REY,539,45U1,40.0,CARRIER,1,True,NL RTM,PURCHASE_AGREEMENT
k321_45G1_40_CARRIER,2025,10,FO THO,285,IS REY,539,45G1,40.0,CARRIER,1,True,NL RTM,PURCHASE_AGREEMENT
k322_45R1_40_LEASED,2025,10,FO THO,285,IS REY,539,45R1,40.0,LEASED,1,True,US PWM,ONEWAY
k323_45G1_40_CARRIER,2025,10,GB TEE,430,IS REY,492,45G1,40.0,CARRIER,1,True,CA NWP,PURCHASE_AGREEMENT
k324_22G1_20_CARRIER,2025,10,GB TEE,430,IS REY,492,22G1,20.0,CARRIER,1,False,IS REY,LONG
k325_42P3_40_CARRIER,2025,10,GB TEE,430,IS REY,492,42P3,40.0,CARRIER,1,False,IS REY,LONG
k326_45P3_40_CARRIER,2025,10,GB TEE,430,IS REY,492,45P3,40.0,CARRIER,1,True,CA NWP,LONG
k327_45R1_40_CARRIER,2025,10,GB TEE,430,IS REY,492,45R1,40.0,CARRIER,1,False,IS REY,PURCHASE_AGREEMENT
k328_42P3_40_LEASED,2025,10,GB TEE,430,IS REY,492,42P3,40.0,LEASED,1,True,FO THO,MASTER
k329_22G1_20_CARRIER,2025,10,IS REY,448,CA HAL,694,22G1,20.0,CARRIER,1,False,CA HAL,LONG
k330_45G1_40_LEASED,2025,10,IS REY,400,DE BRV,502,45G1,40.0,LEASED,1,False,DE BRV,ONEWAY
k331_45R1_40_LEASED,2025,10,IS REY,400,DE BRV,502,45R1,40.0,LEASED,1,False,DE BRV,ONEWAY
k332_45G1_40_CARRIER,2025,10,IS REY,400,DE BRV,502,45G1,40.0,CARRIER,3,False,DE BRV,LONG
k333_45R1_40_CARRIER,2025,10,IS REY,400,DE BRV,502,45R1,40.0,CARRIER,1,False,DE BRV,PURCHASE_AGREEMENT
k334_45G1_40_CARRIER,2025,10,IS REY,400,DK AAR,582,45G1,40.0,CARRIER,3,False,DK AAR,PURCHASE_AGREEMENT
k335_45G1_40_CARRIER,2025,10,IS REY,400,DK AAR,582,45G1,40.0,CARRIER,1,False,DK AAR,LONG
k336_42P3_40_LEASED,2025,10,IS REY,400,DK AAR,582,42P3,40.0,LEASED,1,False,DK AAR,PURCHASE
k337_45G1_40_CARRIER,2025,10,IS REY,407,FO THO,448,45G1,40.0,CARRIER,1,False,FO THO,PURCHASE_AGREEMENT
k338_45R1_40_CARRIER,2025,10,IS REY,407,GB IMM,497,45R1,40.0,CARRIER,1,False,GB IMM,PURCHASE_AGREEMENT
k339_LNRB_45_CARRIER,2025,10,IS REY,407,GB IMM,497,LNRB,45.0,CARRIER,1,False,GB IMM,LONG
k340_42P3_40_LEASED,2025,10,IS REY,428,GB TEE,603,42P3,40.0,LEASED,1,False,GB TEE,MASTER
k341_45P3_40_CARRIER,2025,10,IS REY,400,IS RFJ,423,45P3,40.0,CARRIER,1,False,IS RFJ,PURCHASE_AGREEMENT
k342_22G1_20_LEASED,2025,10,IS REY,400,IS RFJ,423,22G1,20.0,LEASED,1,False,IS RFJ,MASTER
k343_45G1_40_CARRIER,2025,10,IS REY,428,NL RTM,498,45G1,40.0,CARRIER,1,False,NL RTM,PURCHASE_AGREEMENT
k344_45G1_40_CARRIER,2025,10,IS REY,428,NL RTM,498,45G1,40.0,CARRIER,1,False,NL RTM,CABOTAGE
k345_45G1_40_CARRIER,2025,10,IS REY,428,NL RTM,498,45G1,40.0,CARRIER,7,False,NL RTM,LONG
k346_45R1_40_CARRIER,2025,10,IS REY,428,NL RTM,498,45R1,40.0,CARRIER,1,False,NL RTM,PURCHASE_AGREEMENT
k347_LNRB_45_CARRIER,2025,10,IS REY,428,NL RTM,498,LNRB,45.0,CARRIER,1,False,NL RTM,PURCHASE_AGREEMENT
k348_22K2_20_SHIPPER,2025,10,IS REY,428,NL RTM,498,22K2,20.0,SHIPPER,1,False,NL RTM,
k349_42U1_40_CARRIER,2025,10,IS REY,407,NO FRK,558,42U1,40.0,CARRIER,1,False,NO FRK,LONG
k350_22G1_20_LEASED,2025,10,IS REY,407,NO FRK,558,22G1,20.0,LEASED,1,False,NO FRK,MASTER
k351_22G1_20_CARRIER,2025,10,IS REY,400,SE HEL,558,22G1,20.0,CARRIER,1,False,SE HEL,LONG
k352_4EG1_40_CARRIER,2025,10,IS REY,400,SE HEL,558,4EG1,40.0,CARRIER,1,False,SE HEL,LONG
k353_45R1_40_CARRIER,2025,10,IS REY,400,SE HEL,558,45R1,40.0,CARRIER,1,False,SE HEL,LONG
k354_45G1_40_LEASED,2025,10,IS REY,400,SE HEL,558,45G1,40.0,LEASED,1,False,SE HEL,MASTER
k355_45R1_40_CARRIER,2025,10,IS REY,448,US PWM,630,45R1,40.0,CARRIER,1,False,US PWM,CABOTAGE
k356_45R1_40_CARRIER,2025,10,IS RFJ,427,GB IMM,497,45R1,40.0,CARRIER,1,False,GB IMM,LONG
k357_45G1_40_CARRIER,2025,10,NL RTM,401,IS REY,492,45G1,40.0,CARRIER,8,False,IS REY,PURCHASE_AGREEMENT
k358_22U1_20_CARRIER,2025,10,NL RTM,401,IS REY,492,22U1,20.0,CARRIER,1,False,IS REY,PURCHASE_AGREEMENT
k359_22G1_20_CARRIER,2025,10,NL RTM,401,IS REY,492,22G1,20.0,CARRIER,1,True,FO THO,PURCHASE_AGREEMENT
k360_42P3_40_CARRIER,2025,10,NL RTM,401,IS REY,492,42P3,40.0,CARRIER,2,False,IS REY,LONG
k361_22K0_20_CARRIER,2025,10,NL RTM,401,IS REY,492,22K0,20.0,CARRIER,1,False,IS REY,LONG
k362_22G1_20_CARRIER,2025,10,NL RTM,401,IS REY,492,22G1,20.0,CARRIER,1,False,IS REY,LONG
k363_4EG1_40_CARRIER,2025,10,NL RTM,401,IS REY,492,4EG1,40.0,CARRIER,1,False,IS REY,LONG
k364_45R1_40_CARRIER,2025,10,NL RTM,401,IS REY,492,45R1,40.0,CARRIER,4,False,IS REY,PURCHASE_AGREEMENT
k365_LNRB_45_CARRIER,2025,10,NL RTM,401,IS REY,492,LNRB,45.0,CARRIER,1,True,IS VES,LONG
k366_45R1_40_CARRIER,2025,10,NL RTM,401,IS REY,492,45R1,40.0,CARRIER,1,True,US PWM,LONG
k367_LNRB_45_CARRIER,2025,10,NL RTM,401,IS REY,492,LNRB,45.0,CARRIER,1,True,IS RFJ,LONG
k368_45R1_40_CARRIER,2025,10,NL RTM,401,IS REY,492,45R1,40.0,CARRIER,11,False,IS REY,LONG
k369_42P3_40_LEASED,2025,10,NL RTM,401,IS REY,492,42P3,40.0,LEASED,1,False,IS REY,MASTER
k370_45G1_40_LEASED,2025,10,NL RTM,401,IS REY,492,45G1,40.0,LEASED,1,False,IS REY,MASTER
k371_22G1_20_LEASED,2025,10,NL RTM,401,IS REY,492,22G1,20.0,LEASED,10,False,IS REY,ONEWAY
k372_22G1_20_LEASED,2025,10,NL RTM,401,IS REY,492,22G1,20.0,LEASED,1,False,IS REY,ONEWAY
k373_25G2_20_SHIPPER,2025,10,NL RTM,401,IS REY,492,25G2,20.0,SHIPPER,1,False,IS REY,
k374_22R1_20_SHIPPER,2025,10,NL RTM,401,IS REY,492,22R1,20.0,SHIPPER,1,False,IS REY,
k375_45R1_40_LEASED,2025,10,PL SWI,408,DK AAR,428,45R1,40.0,LEASED,1,False,DK AAR,ONEWAY
k376_22G1_20_CARRIER,2025,10,PL SWI,408,IS REY,539,22G1,20.0,CARRIER,1,False,IS REY,PURCHASE_AGREEMENT
k377_42P3_40_CARRIER,2025,10,PL SWI,408,IS REY,539,42P3,40.0,CARRIER,1,True,IS VES,PURCHASE_AGREEMENT
k378_45G1_40_CARRIER,2025,10,PL SWI,408,IS REY,539,45G1,40.0,CARRIER,1,True,US PWM,CABOTAGE
k379_45G1_40_CARRIER,2025,10,PL SWI,408,IS REY,539,45G1,40.0,CARRIER,1,True,US PWM,LONG
k380_45R1_40_CARRIER,2025,10,PL SWI,408,IS REY,539,45R1,40.0,CARRIER,1,True,US PWM,LONG
k381_22G1_20_LEASED,2025,10,PL SWI,408,IS REY,539,22G1,20.0,LEASED,1,True,IS GRT,MASTER
k382_22G1_20_CARRIER,2025,10,SE HEL,408,IS REY,511,22G1,20.0,CARRIER,1,True,IS GRT,CABOTAGE
k383_45G1_40_CARRIER,2025,10,SE HEL,408,IS REY,511,45G1,40.0,CARRIER,3,True,US PWM,LONG
k384_45G1_40_CARRIER,2025,10,SE HEL,408,IS REY,511,45G1,40.0,CARRIER,1,False,IS REY,LONG
k385_42P3_40_CARRIER,2025,10,SE HEL,408,IS REY,511,42P3,40.0,CARRIER,1,False,IS REY,LONG
k386_22G1_20_CARRIER,2025,10,SE HEL,408,IS REY,511,22G1,20.0,CARRIER,2,False,IS REY,LONG
k387_45P3_40_CARRIER,2025,10,SE HEL,408,IS REY,511,45P3,40.0,CARRIER,2,False,IS REY,LONG
k388_45R1_40_CARRIER,2025,10,SE HEL,408,IS REY,511,45R1,40.0,CARRIER,1,False,IS REY,PURCHASE_AGREEMENT
k389_45R1_40_CARRIER,2025,10,SE HEL,408,IS REY,511,45R1,40.0,CARRIER,1,False,IS REY,LONG
k390_45G1_40_LEASED,2025,10,SE HEL,408,IS REY,511,45G1,40.0,LEASED,1,False,IS REY,MASTER
k391_4EG1_40_CARRIER,2025,11,FO THO,454,IS REY,711,4EG1,40.0,CARRIER,1,True,NL RTM,LONG
k392_45R1_40_CARRIER,2025,11,FO THO,454,IS REY,711,45R1,40.0,CARRIER,2,True,CA HAL,PURCHASE_AGREEMENT
k393_45R1_40_CARRIER,2025,11,FO THO,454,IS REY,711,45R1,40.0,CARRIER,3,True,US PWM,LONG
k394_22G1_20_LEASED,2025,11,IS REY,258,IS GRT,536,22G1,20.0,LEASED,2,False,IS GRT,ONEWAY
